No,Title,Create Time (JST),Update Time (JST)
1,"请求帮助",2023-03-03 09:15:51,2023-03-03 09:15:51
2,"Mindnote vs iThoughts.",2023-03-03 14:14:00,2023-03-03 14:14:00
3,"动物皮肤上的大蛆：解释",2023-03-03 14:51:39,2023-03-03 14:51:39
4,"多吃碳水化合物转脂肪",2023-03-03 22:03:45,2023-03-03 22:03:45
5,"Vue转义与输出",2023-03-03 23:01:59,2023-03-03 23:01:59
6,"Shukouun Transliteration",2023-03-04 09:22:28,2023-03-04 09:22:28
7,"安卓手机推荐",2023-03-04 10:23:20,2023-03-04 10:23:20
8,"习近平错别字",2023-03-04 11:20:19,2023-03-04 11:20:19
9,"API service availability.",2023-03-04 11:33:16,2023-03-04 11:33:16
10,"Vim 替换操作",2023-03-04 12:35:15,2023-03-04 12:35:15
11,"普京的伟大性",2023-03-04 15:03:00,2023-03-04 15:03:00
12,"庆祝30岁生日",2023-03-04 15:26:07,2023-03-04 15:26:07
13,"ChatGPT greets user.",2023-03-04 18:34:49,2023-03-04 18:34:49
14,"习近平错别字",2023-03-04 19:24:57,2023-03-04 19:24:57
15,"俄罗斯军事行动",2023-03-04 20:20:06,2023-03-04 20:20:06
16,"使用ADB设置分辨率",2023-03-04 21:39:14,2023-03-04 21:39:14
17,"用户询问时间",2023-03-04 22:00:43,2023-03-04 22:00:43
18,"提取食物营养元素",2023-03-04 23:50:41,2023-03-04 23:50:41
19,"Hyper-V 远程桌面卡顿",2023-03-05 10:54:07,2023-03-05 10:54:07
20,"Mac Crossover 鼠标卡住问题解决",2023-03-05 12:08:09,2023-03-05 12:08:09
21,"New chat",2023-03-05 13:29:58,2023-03-05 13:29:58
22,"Chat Name: 20230305_chat",2023-03-05 16:11:22,2023-03-05 16:11:22
23,"球的表面积",2023-03-05 18:18:52,2023-03-05 18:18:52
24,"Mac MySQL Internet Access.",2023-03-05 18:30:02,2023-03-05 18:30:02
25,"MySQL远程用户权限",2023-03-05 18:41:05,2023-03-05 18:41:05
26,"嘴唇干燥建议",2023-03-05 18:44:30,2023-03-05 18:44:30
27,"HP ProBook 635 G8",2023-03-06 10:57:37,2023-03-06 10:57:37
28,"New chat",2023-03-06 12:42:38,2023-03-06 12:42:38
29,"5800U vs 4800H Comparison",2023-03-06 13:09:14,2023-03-06 13:09:14
30,"隆鼻种类",2023-03-06 13:57:52,2023-03-06 13:57:52
31,"慢学习，如何改进？",2023-03-06 14:10:31,2023-03-06 14:10:31
32,"TheBrain vs. 双链笔记",2023-03-06 14:28:16,2023-03-06 14:28:16
33,"乱脑策略建议",2023-03-06 14:34:55,2023-03-06 14:34:55
34,"鼠标卡窗口",2023-03-07 08:10:19,2023-03-07 08:10:19
35,"更改Windows滚轮方向",2023-03-07 16:10:25,2023-03-07 16:10:25
36,"New chat",2023-03-07 16:59:40,2023-03-07 16:59:40
37,"Vim替换每行开头",2023-03-09 08:20:41,2023-03-09 08:20:41
38,"测试日本IT产业",2023-03-09 16:07:10,2023-03-09 16:07:10
39,"New chat",2023-03-12 15:10:25,2023-03-12 15:10:25
40,"蘿蔔後放屁",2023-03-12 16:14:05,2023-03-12 16:14:05
41,"五子棋 AI 模型",2023-03-12 16:16:10,2023-03-12 16:16:10
42,"Excel列条件格式",2023-03-13 14:08:41,2023-03-13 14:08:41
43,"CL_APPLLICATION_PROCEDURE_CLS",2023-03-13 15:07:26,2023-03-13 15:07:26
44,"中文翻译请求",2023-03-13 18:19:46,2023-03-13 18:19:46
45,"New chat",2023-03-14 17:33:36,2023-03-14 17:33:36
46,"New chat",2023-03-16 21:44:08,2023-03-16 21:44:08
47,"New chat",2023-03-17 15:20:27,2023-03-17 15:20:27
48,"飢餓感原因",2023-03-18 12:19:41,2023-03-18 12:19:41
49,"快速提高血糖和饥饿感",2023-03-18 15:06:28,2023-03-18 15:06:28
50,"粒入りマスタード",2023-03-18 15:46:15,2023-03-18 15:46:15
51,"植物与动物细胞融合",2023-03-18 15:59:43,2023-03-18 15:59:43
52,"面包含多少糖？",2023-03-18 17:20:49,2023-03-18 17:20:49
53,"美味酒粕料理",2023-03-18 20:54:00,2023-03-18 20:54:00
54,"日本 IT 不变番号",2023-03-30 14:11:01,2023-03-30 14:11:08
55,"Excel: Rows 77-102 Red Text",2023-04-10 16:51:41,2023-04-10 16:54:34
56,"摄入热量的世界纪录",2023-04-30 12:04:32,2023-04-30 12:04:42
57,"AutoHotkey 映射Caps Lock",2023-05-01 23:26:25,2023-05-01 23:26:40
58,"Title: Request Summary",2023-05-03 11:10:33,2023-05-03 11:10:37
59,"显示回收站文件路径",2023-05-08 22:11:54,2023-05-15 18:47:28
60,"日本語の問題を解く",2023-05-10 15:41:39,2023-05-11 16:59:36
61,"日软工专业",2023-05-11 17:05:29,2023-05-12 19:14:30
62,"Mac MySQL 局域网端口设置",2023-05-16 10:00:04,2023-05-16 12:48:52
63,"New chat",2023-05-16 13:29:51,2023-05-16 13:32:50
64,"chi to eng",2023-06-06 13:40:39,2023-06-26 18:37:03
65,"西瓜存放时间",2023-06-20 12:25:06,2025-05-06 03:14:00
66,"生吃香菇的风险",2023-06-22 18:43:56,2025-05-06 03:14:00
67,"赤藓糖醇热稳定性",2023-06-23 21:51:58,2025-05-06 03:13:59
68,"Vim搜索条件：abc, 忽略大小写, 行尾",2023-06-26 18:21:49,2023-06-26 18:22:00
69,"Max Element-UI Tree Limit",2023-06-26 18:37:54,2023-06-26 18:58:45
70,"Vue localStorage",2023-06-26 19:22:32,2023-06-26 19:34:04
71,"Mac sandboxing clipboard access.",2023-06-27 00:32:35,2023-06-27 00:33:17
72,"Vue $condeid是什么",2023-06-27 10:14:33,2023-06-27 18:42:17
73,"Vue2 $refs setTimeout",2023-06-28 12:53:42,2023-06-28 12:54:01
74,"Vue2代理处理程序",2023-06-29 13:27:50,2023-06-29 15:05:56
75,"Vue2 input属性",2023-06-29 18:47:48,2023-06-29 18:56:12
76,"eGPU KVM Passthrough Setup",2023-06-30 12:17:50,2023-06-30 12:41:00
77,"10344mg Na in Salt",2023-06-30 17:38:25,2023-06-30 17:40:03
78,"SSH开机全盘加密",2023-06-30 21:16:32,2023-06-30 21:17:07
79,"1542 kJ to kcal",2023-06-30 23:50:44,2023-06-30 23:52:18
80,"Vue2嵌入PDF",2023-07-03 14:50:11,2023-07-03 17:36:36
81,"密码管理建议",2023-07-03 16:51:53,2023-07-03 16:52:07
82,"PDF形式へ変更",2023-07-03 17:11:45,2023-07-03 17:11:48
83,"SVN提交并入代码",2023-07-03 17:15:55,2023-07-03 17:17:33
84,"Install PVM+TPM",2023-07-04 19:12:39,2023-07-04 19:13:14
85,"钠含量计算",2023-07-06 13:15:43,2023-07-06 13:15:51
86,"Require hello-world.el in init.el",2023-07-06 21:17:27,2023-07-06 21:17:38
87,"div的data-tab使用说明",2023-07-07 13:32:36,2023-07-07 15:09:23
88,"Code notebook with collapsing.",2023-07-08 01:03:57,2023-07-08 14:31:03
89,"ZFS Without ECC Memory",2023-07-09 16:48:33,2025-05-03 14:19:53
90,"Debian Installation on Notebook",2023-07-09 17:34:00,2023-07-09 17:34:15
91,"Vue async修饰符说明",2023-07-10 21:54:33,2023-07-10 21:55:04
92,"钠转盐重量计算",2023-07-11 10:24:53,2023-07-11 10:25:06
93,"地点提供",2023-07-11 11:10:55,2023-07-11 11:11:07
94,"米饭与葡萄糖血糖影响",2023-07-11 20:36:28,2025-05-03 14:09:47
95,"Edit Diary Date Issue",2023-07-12 11:05:55,2023-07-12 11:05:57
96,"Vue self 不存在",2023-07-12 15:11:06,2023-07-12 15:11:21
97,"Install Linux on Notebook",2023-07-12 16:51:13,2023-07-12 16:54:10
98,"Linux Repair Guide",2023-07-13 11:21:18,2023-07-13 11:22:58
99,"查找附近皮肤科",2023-07-15 16:28:09,2023-07-15 16:28:16
100,"Ceph dosing guidelines",2023-07-15 17:38:24,2023-07-15 17:38:28
101,"ミノサイクリン翻訳",2023-07-15 17:53:22,2025-05-03 14:06:48
102,"鲜蔬菜存放时间",2023-07-16 14:33:06,2025-05-03 14:06:47
103,"情報所有者とは？",2023-07-17 12:55:57,2023-07-17 12:58:07
104,"日语「与」与「有」区别",2023-07-17 13:49:52,2023-07-17 13:50:15
105,"KVM Bridge Setup",2023-07-18 21:24:59,2023-07-18 21:25:22
106,"Debian LUKS TPM Setup.",2023-07-20 00:56:39,2023-07-20 00:57:13
107,"Vim Replace: "true" with "false"",2023-07-20 14:25:01,2023-07-20 14:25:12
108,"JS Date Subtraction",2023-07-21 16:59:05,2023-07-21 16:59:16
109,"Vue2模拟点击按钮",2023-07-21 18:19:18,2023-07-21 18:58:10
110,"KVM Memory Management",2023-07-23 15:51:43,2023-07-23 15:53:18
111,"Code Note Apps",2023-07-23 23:24:06,2023-07-23 23:24:25
112,"Mac: Make File Read-Only",2023-07-23 23:32:21,2023-07-23 23:32:37
113,"230725_01 実現された機能 (Jitsugen sareta kinou)",2023-07-25 10:11:36,2023-07-25 10:43:08
114,"230725_02 0Vue2 点击打开新窗口",2023-07-25 11:38:35,2023-07-25 17:44:53
115,"230725_03 香蕉肉冷冻保存时限",2023-07-25 14:33:14,2023-07-25 14:54:18
116,"PC提醒推送iPhone",2023-07-26 16:56:03,2023-07-26 16:56:18
117,"大豆 vs 可可蛋白质",2023-07-31 18:41:11,2023-07-31 18:41:48
118,"Vim: Insert # & Space",2023-08-02 00:37:23,2023-08-02 00:37:34
119,"変更されたウィンドウ形式",2023-08-03 14:28:49,2023-08-03 14:28:51
120,"Element UI 表格悬停样式",2023-08-04 13:50:52,2023-08-04 14:19:52
121,"冷冻香蕉为何不硬",2023-08-14 18:51:01,2025-05-03 02:40:17
122,"HTML删除线效果",2023-08-14 22:56:49,2023-08-14 22:56:57
123,"搜索选择及操作指南",2023-08-16 18:12:58,2023-08-16 18:45:13
124,"骨传导耳机风险分析",2023-08-17 00:10:48,2023-08-17 00:11:05
125,"Disaster Info Sharing",2023-08-17 13:46:23,2023-08-17 15:43:12
126,"电子信息工程工作简历",2023-08-17 15:43:39,2023-08-17 16:10:36
127,"Vue3 v-for Syntax",2023-08-17 16:39:45,2023-08-17 16:40:22
128,"Hardware Test (ハードウェアテスト)",2023-08-17 16:55:19,2023-08-17 17:38:38
129,"匹配不含"c"的"ABC"",2023-08-20 19:14:20,2023-08-20 21:16:46
130,"WSA多实例管理",2023-08-29 01:10:06,2023-08-29 01:11:09
131,"Windows 11安卓子系统休眠情况",2023-08-29 02:28:07,2023-08-29 02:30:27
132,"中国笔记本后门问题",2023-08-29 17:24:36,2023-08-30 01:12:20
133,"安装多个安卓子系统",2023-08-30 13:51:34,2023-08-30 20:13:05
134,"按规则做事方法",2023-08-31 16:15:44,2023-08-31 16:16:30
135,"禁用内网连接",2023-09-01 17:06:46,2023-09-01 18:37:39
136,"设置Mac代理服务器",2023-09-01 18:39:45,2023-09-02 15:04:28
137,"转换肌酸酐浓度单位",2023-09-02 18:24:05,2023-09-04 20:42:51
138,"改装Windows平板显示器",2023-09-02 18:31:04,2023-09-02 18:31:16
139,"Access to Secure Folder",2023-09-03 14:49:57,2023-09-03 14:50:00
140,"应用获取电话号码权限",2023-09-03 22:04:42,2023-09-03 22:04:51
141,"App Accessing Phone Numbers",2023-09-03 22:08:21,2023-09-03 22:08:24
142,"Block Android app network access",2023-09-04 15:08:08,2023-09-04 15:08:23
143,"Transfer Notifications Between Android",2023-09-04 17:51:15,2023-09-04 17:51:26
144,"Android App Gmail Access",2023-09-05 14:32:45,2023-09-05 14:33:27
145,"远程控制支持电磁笔",2023-09-07 12:36:05,2023-09-07 12:36:20
146,"戴智能手环的位置",2023-09-08 20:27:26,2023-09-08 20:27:40
147,"Limitations of Windows Touchscreens",2023-09-09 21:39:41,2023-09-09 21:59:14
148,"Sure, I can help with that. What specific task or goal do you need assistance with?",2023-09-13 00:48:40,2023-09-13 01:12:27
149,"Android Notification Forwarding Apps",2023-09-13 19:26:12,2023-09-13 19:26:26
150,"书籍教按规则策略",2023-09-16 15:57:44,2023-09-16 15:57:57
151,"精子存活与生育",2023-09-18 09:38:12,2025-05-03 02:22:59
152,"培养波动式思维方式",2023-09-19 09:42:47,2023-09-19 09:43:03
153,"自由思想争议",2023-09-23 18:05:19,2023-09-23 18:05:19
154,"纯净水开封保质期",2023-09-23 18:22:00,2023-09-23 18:22:00
155,"如何处理洗脑情况",2023-09-23 18:23:53,2023-09-23 18:23:53
156,"接受衰老现实建议",2023-09-23 21:47:19,2023-09-23 21:47:19
157,"Two-party vs. Multi-party Democracies",2023-09-24 18:28:57,2023-09-24 18:28:57
158,"划分保密等级的重要性",2023-09-24 19:13:13,2023-09-24 19:13:13
159,"动物祖先及演化历史",2023-09-26 10:49:36,2023-09-26 10:49:36
160,"1920千焦等于459千卡",2023-09-26 11:56:19,2023-09-26 11:56:19
161,"硫酸钠是否有毒",2023-10-02 15:32:59,2023-10-02 15:33:09
162,"级别特征的明显性",2023-10-02 19:32:48,2023-10-02 19:33:39
163,"PWM调光眼睛影响",2023-10-06 20:28:37,2023-10-06 20:28:51
164,"AI记忆工作原理",2023-10-07 03:34:54,2023-10-07 06:30:09
165,"GI碳水与葡糖影响",2023-10-08 05:07:59,2023-10-08 05:08:07
166,"计算球体引力微积分方法",2023-10-08 08:09:04,2023-10-08 08:12:35
167,"动植物性别差异",2023-10-09 03:20:03,2023-10-09 03:21:42
168,"不忘已完成任务",2023-10-09 03:45:58,2023-10-09 03:46:12
169,"椭圆两圆心距离",2023-10-09 06:30:24,2023-10-09 06:30:28
170,"失去与拥有之差异",2023-10-09 06:38:33,2023-10-09 10:07:16
171,"面对失去一条腿",2023-10-09 10:07:56,2023-10-09 10:08:11
172,"未来和努力的哲学问题",2023-10-10 09:49:54,2023-10-10 09:51:48
173,"管理多规则的方法",2023-10-10 11:14:08,2023-10-10 11:14:22
174,"PWM调光LCD使用",2023-10-11 02:49:47,2025-05-02 22:19:00
175,"PWM调光眼睛不适",2023-10-11 02:50:28,2025-05-02 22:18:59
176,"影响f.lux对屏幕寿命",2023-10-11 03:04:59,2023-10-11 03:05:17
177,"Impact of f.lux on LCD battery",2023-10-11 03:11:05,2023-10-11 03:12:10
178,"量子随机性争议",2023-10-11 06:57:20,2023-10-14 14:51:54
179,"羊肉难刷碗",2023-10-14 12:12:23,2023-10-14 12:12:31
180,"量子现象的随机性",2023-10-17 19:53:32,2023-10-17 21:26:26
181,"智能程序自由性",2023-10-18 13:20:49,2023-10-19 15:38:33
182,"你好！可以帮忙吗？",2023-10-21 13:09:53,2023-10-21 20:11:08
183,"均衡回顾建议",2023-10-22 10:28:17,2023-10-22 16:13:57
184,"父母姓影响传统",2023-10-23 16:58:10,2023-10-23 18:27:35
185,"Windows WiFi流量设置",2023-10-24 18:33:45,2023-10-24 18:33:51
186,"Two-party political systems.",2023-10-25 14:47:22,2023-10-25 19:31:07
187,"不要后悔",2023-10-26 13:10:37,2023-10-26 22:49:37
188,"重心唯一性证明",2023-10-27 10:42:40,2023-10-27 19:23:42
189,"电脑与空调温度差异",2023-10-28 19:23:03,2023-10-28 19:23:25
190,"中共强拆求助",2023-10-29 13:20:05,2023-10-29 13:20:16
191,"引导快乐感",2023-10-29 14:07:11,2023-10-29 14:07:19
192,"走出处女情结",2023-10-30 14:57:00,2023-10-30 14:57:12
193,"Sunday Inquiry Response",2023-10-31 15:15:39,2023-10-31 15:17:49
194,"糖分摄入健康警示",2023-11-01 13:06:02,2023-11-01 13:06:09
195,"隐私政策处理个人信息",2023-11-02 22:39:21,2023-11-02 23:46:36
196,"建立信息系统必备资源",2023-11-06 17:11:25,2023-11-06 17:11:33
197,"Lock Screen Every Hour",2023-11-17 09:48:11,2023-11-17 09:48:22
198,"食物在十二指肠停留",2023-11-20 15:14:35,2023-11-20 19:11:41
199,"球体最大体积",2023-11-21 13:48:41,2023-11-21 13:48:46
200,"仲良くに訂正",2023-11-24 15:43:40,2025-05-02 21:19:20
201,"Daily 1kg Fruit Consumption",2023-11-25 16:31:11,2023-11-25 16:31:22
202,"Skim Milk Daily Pros/Cons",2023-11-26 16:47:13,2023-11-26 16:47:21
203,"剪复粘操作解释",2023-11-26 17:09:41,2023-11-26 17:09:44
204,"Lock Mac Automate Every 20/40",2023-11-29 16:31:30,2023-11-29 18:18:56
205,"折叠电动自行车评测",2023-12-01 17:00:48,2025-05-02 21:19:20
206,"Hammerspoon屏幕定时锁定",2023-12-02 07:51:29,2023-12-02 16:47:43
207,"代码改进建议",2023-12-03 11:01:57,2023-12-03 13:37:44
208,"Overcoming Perfectionism in Decision-Making",2023-12-08 13:49:30,2023-12-08 13:50:58
209,"Show Current Time Shortcut",2023-12-11 15:04:04,2025-05-02 21:19:19
210,"电器功率和耗电",2023-12-11 16:51:33,2023-12-11 16:59:26
211,"4kcal/g碳水化合物解释",2023-12-13 16:54:17,2023-12-14 18:30:29
212,"Legislation vs Administration",2023-12-15 15:35:39,2023-12-15 23:14:44
213,"AutoHotKey定时锁屏",2023-12-17 13:11:06,2023-12-17 14:42:47
214,"罐头汁液营养",2023-12-18 11:06:39,2023-12-18 11:59:41
215,"Tasker提醒分钟变化",2023-12-19 12:16:35,2023-12-19 19:48:27
216,"六四事件回顾",2023-12-21 19:44:20,2023-12-21 19:44:33
217,"茄子变质问题",2023-12-24 12:54:44,2025-05-02 21:17:37
218,"Switch Keyboard Using Shortcuts",2023-12-25 12:31:25,2023-12-25 12:31:32
219,"Philtrum Shortening Surgery",2023-12-26 12:10:41,2023-12-31 11:41:21
220,"Li-ion Battery Safety",2023-12-27 13:45:04,2023-12-27 14:24:43
221,"计算某天是第几周",2023-12-27 15:08:27,2023-12-27 15:11:17
222,"Restricted Note Software",2023-12-27 18:29:04,2023-12-27 18:29:15
223,"12进制的优势",2023-12-29 09:32:07,2023-12-29 16:16:52
224,"不知道《反方向的钟》",2023-12-29 17:47:45,2023-12-29 17:48:34
225,"TD: "Today" Abbreviation",2024-01-01 08:30:46,2024-01-18 10:45:41
226,"Rebuilding Trust After Infidelity",2024-01-02 19:08:20,2024-01-02 19:09:57
227,"High Salt Intake",2024-01-02 21:47:41,2024-01-02 21:47:53
228,"长方形对角线长度",2024-01-03 09:32:32,2024-01-03 09:41:28
229,"日本护照有效期",2024-01-05 10:49:55,2024-01-05 10:49:57
230,"Accepting and Learning from Failure",2024-01-05 13:19:28,2024-01-05 13:19:40
231,"Avoid Pure Lactose Mainstay",2024-01-05 16:11:48,2024-01-06 15:02:28
232,"Evolutionary Limits of Breeding",2024-01-05 20:30:35,2024-01-05 20:30:45
233,"이마 뼈 띠",2024-01-06 11:18:18,2024-01-06 11:25:19
234,"行きます、必要なら",2024-01-10 13:50:45,2024-01-10 13:50:46
235,"停止 Hammerspoon 定时器",2024-01-10 15:18:06,2024-01-10 15:18:11
236,"Python Format Decimal",2024-01-12 13:56:25,2024-01-12 13:56:29
237,"长方形对角线长度",2024-01-12 17:48:14,2024-01-12 17:49:22
238,"能量计算：8吨水",2024-01-13 13:54:49,2024-01-13 13:55:00
239,"哲学定义及范围",2024-01-13 17:05:33,2024-01-13 17:05:40
240,"Mensou Shindan Explanation",2024-01-14 11:13:22,2024-01-14 11:13:44
241,"拔牙经历",2024-01-14 18:14:19,2024-01-14 18:19:49
242,"缩短的韩语",2024-01-14 21:53:50,2025-05-02 20:58:02
243,"While to For Converter",2024-01-17 16:55:24,2024-01-17 16:55:46
244,"Shukketsu in Japanese",2024-01-17 17:30:51,2024-01-17 17:30:55
245,"OS: 缩写是 "OS"",2024-01-17 19:55:15,2024-01-17 19:55:17
246,"Merge: English for 合并",2024-01-18 12:20:40,2024-01-19 13:50:55
247,"String to List: Eval vs. JSON",2024-01-18 13:20:31,2024-01-18 13:33:47
248,"Fix 'list' TypeError",2024-01-18 13:34:51,2024-01-18 13:34:57
249,"命名循环层级方法",2024-01-18 14:29:59,2024-01-18 14:44:33
250,"Different, Diff.",2024-01-19 19:46:36,2024-01-20 11:48:29
251,"Line Reservation Later",2024-01-20 12:56:33,2024-01-24 13:37:38
252,"医師指名",2024-01-20 13:38:32,2024-01-20 13:38:34
253,"医院指定医生吗",2024-01-20 13:40:05,2024-01-20 13:40:30
254,"More Meds in Korea",2024-01-20 15:19:23,2024-01-20 16:56:44
255,"两袋垃圾袋翻译",2024-01-20 16:56:58,2025-05-02 20:58:01
256,"换主板后键盘问题",2024-01-21 10:06:48,2024-01-21 10:06:54
257,"ED缩写是?",2024-01-21 17:37:47,2024-01-21 17:37:49
258,"12V 10000mAh 转千瓦时",2024-01-22 10:21:13,2025-05-02 20:26:47
259,"数字字符串转数字序列",2024-01-22 11:45:48,2024-01-22 11:54:11
260,"参数的英文",2024-01-22 12:10:08,2024-01-23 13:18:57
261,"Python: String to Integers",2024-01-22 15:40:23,2024-01-22 15:41:51
262,"Python Methods: Static vs Class",2024-01-23 17:35:44,2024-01-23 17:36:01
263,"Excessive Salt Impact",2024-01-23 19:18:19,2024-01-23 19:18:42
264,"Python Class Instance",2024-01-24 13:30:55,2024-01-24 13:42:07
265,"Mac Clipboard Sync Script",2024-01-26 12:22:35,2024-01-27 06:31:12
266,"iPad捷径存图片",2024-01-27 13:36:58,2024-01-27 13:37:06
267,"TOC Format in English",2024-01-27 18:56:26,2024-01-27 18:56:31
268,"EO Abbreviation for Orders",2024-01-28 11:25:23,2024-01-28 11:25:34
269,"Record Minutes",2024-01-28 16:59:19,2024-01-28 23:54:34
270,"MacBook 局域网截图共享",2024-01-29 00:49:36,2024-01-29 23:36:26
271,"正则匹配两整数",2024-01-29 10:34:37,2024-01-29 10:36:29
272,"多标志正则表达式",2024-01-29 13:17:32,2024-01-29 13:17:41
273,"Save HTTP Image Shortcut",2024-01-29 14:05:07,2024-01-29 14:17:33
274,"Hammerspoon: Area Screenshot to File",2024-01-29 14:21:03,2024-01-29 14:24:31
275,"iPad捷径实现截图",2024-01-29 23:50:25,2024-01-29 23:54:44
276,"iPad捷径：截图同步",2024-01-30 09:31:47,2024-01-30 09:32:47
277,"iPad MacBook 截图 自动化",2024-01-30 09:32:20,2025-05-02 20:10:39
278,"iPad Window Switching",2024-01-30 22:13:50,2024-01-30 22:14:05
279,"Mac SSH Shortcut Windows",2024-01-31 00:56:22,2024-01-31 00:57:45
280,"Windows触发Mac执行",2024-01-31 13:00:20,2024-01-31 13:00:32
281,"Start Xfce from command line",2024-02-02 14:00:34,2024-02-02 14:00:39
282,"Linux快捷键映射工具",2024-02-04 13:56:49,2024-02-04 22:30:51
283,"魔芋粉翻译：蒟蒻粉",2024-02-04 14:19:19,2024-02-04 14:19:22
284,"Linux锁屏方式及图片支持",2024-02-05 12:02:59,2024-02-05 12:03:10
285,"Disable Chromebook Screen",2024-02-05 13:17:31,2024-02-05 14:40:39
286,"做蛋糕 - Make a Cake",2024-02-05 17:33:08,2024-02-05 17:33:10
287,"FreeBSD Bluetooth Adapter Compatibility",2024-02-05 19:24:20,2024-02-05 19:24:30
288,"手部皮肤异常",2024-02-06 01:21:41,2024-02-09 00:17:58
289,"Exponential Growth Estimation",2024-02-06 14:47:23,2024-02-09 00:17:58
290,"Potens vekst av brøk.",2024-02-06 14:48:27,2024-02-06 18:30:54
291,"iPhone Disconnects from Android Hotspot",2024-02-06 21:55:31,2024-02-06 21:55:46
292,"Driver Incompatibility: OS Differences",2024-02-07 12:42:00,2024-02-07 12:42:11
293,"Beef Name: Seafood Substitute",2024-02-12 14:25:52,2024-02-12 14:26:38
294,"Mac 屏幕延迟关闭",2024-02-14 13:29:38,2024-02-14 13:30:19
295,"Hair Dryer Speed.",2024-02-14 14:32:02,2024-02-14 18:57:44
296,"行政令不立法",2024-02-14 21:00:37,2024-02-16 21:18:28
297,"建立规则系统",2024-02-14 21:22:13,2024-02-14 21:22:38
298,"High Salt Intake Effects",2024-02-15 21:31:49,2024-02-16 14:25:34
299,"正则匹配abcde组合",2024-02-16 14:52:41,2024-02-16 17:26:40
300,"Insert at Line 177.",2024-02-16 18:42:19,2024-02-16 21:56:18
301,"Hammerspoon开启网络服务",2024-02-17 12:58:01,2024-02-17 12:58:08
302,"启动网络服务",2024-02-17 17:43:40,2024-02-17 17:43:49
303,"食物翻译",2024-02-20 18:24:05,2025-05-02 20:08:41
304,"SQL LIKE query",2024-02-21 23:28:29,2025-05-02 20:08:40
305,"Prevent macOS App Clipboard",2024-02-25 23:39:53,2024-02-25 23:40:01
306,"Mac2 Triggered by Mac1",2024-02-26 11:06:20,2024-02-26 11:06:29
307,"瓜子热量分析",2024-02-29 18:36:23,2024-02-29 18:36:51
308,"牙医 Dentist",2024-03-02 15:41:57,2024-04-17 14:11:57
309,"建立内容修改防火墙",2024-03-02 15:53:05,2024-03-02 16:55:42
310,"Remap Caps Lock Control",2024-03-04 20:53:18,2024-03-04 22:30:27
311,"浏览器快捷方式提醒",2024-03-05 17:01:52,2024-03-05 17:01:55
312,"Book and movie volumes.",2024-03-06 15:27:44,2024-03-06 16:38:18
313,"Multi-Center Thinking Skills",2024-03-07 11:34:01,2024-03-07 13:35:07
314,"Current Time in Python",2024-03-08 17:19:59,2024-03-08 17:20:05
315,"Empty message. Assist user.",2024-03-13 10:34:07,2024-03-13 10:34:09
316,"Recover from Excessive Salt",2024-03-14 09:47:14,2024-03-14 09:47:21
317,"Buy One or Two?",2024-03-15 14:36:50,2024-03-15 14:37:33
318,"Lock Screen If Not ABC",2024-03-17 22:32:01,2024-03-17 22:32:09
319,"Test Summary: Title Creation",2024-03-18 13:45:55,2024-03-18 13:45:57
320,"High Fat Intake Effects",2024-03-19 11:24:16,2024-03-19 18:22:07
321,"Jupyter Conda Path Setup",2024-03-21 17:30:44,2024-03-21 17:30:55
322,"高脂肪摄入血脂变化",2024-03-23 18:12:46,2024-03-31 18:48:37
323,"自行车货架:山地款",2024-03-24 11:07:15,2024-03-24 11:07:17
324,"Lactose Intolerance Threshold Guide",2024-03-25 11:51:57,2024-03-25 11:52:03
325,"乳糖不耐受摄入量",2024-03-25 11:53:14,2024-03-25 11:53:44
326,"Half-Lactose Affects Glucose",2024-03-28 23:55:03,2024-03-28 23:55:27
327,"Weight Gain from 3000 kcal.",2024-03-31 19:19:33,2024-03-31 19:19:39
328,"Fasting's Effect on BMR",2024-04-01 16:12:22,2024-04-01 16:12:31
329,"Breakfast cereal conversion.",2024-04-05 09:59:15,2024-04-05 09:59:17
330,"Days from Oct 15.",2024-04-12 15:34:08,2024-04-12 15:35:14
331,"Slow Sugar, No Worries",2024-04-16 16:28:40,2024-04-16 16:34:09
332,"Grains Translation Request",2024-04-17 14:12:11,2024-05-08 10:49:30
333,"Picture of outdoor greenery.",2024-04-25 15:57:11,2024-04-25 15:57:16
334,"自定义快捷键执行命令",2024-04-27 09:37:39,2025-05-02 20:07:54
335,"俄罗斯土壤污染严重",2024-04-29 08:05:09,2024-04-29 08:05:14
336,"Apple shortcuts for "`"",2024-04-29 14:02:43,2024-04-30 16:15:39
337,"摄入完全蛋白所需",2024-05-01 17:53:02,2024-05-01 17:53:04
338,"滚轮制动要求",2024-05-02 11:48:56,2024-05-02 11:48:58
339,"translate",2024-05-02 12:41:34,2024-10-30 17:14:48
340,"Basket for luggage.",2024-05-08 11:52:17,2024-05-08 11:54:57
341,"Legislation's Impact on Administration",2024-05-21 15:30:28,2024-05-21 15:30:40
342,"信息管理工具与策略",2024-05-28 13:43:37,2024-05-28 14:24:43
343,"Blood Lipids Approximation: 12.5-17.5g",2024-06-01 11:50:04,2024-06-01 14:12:44
344,"KVM supports dynamic memory",2024-06-04 15:16:12,2024-06-04 15:16:42
345,"血脂恢复时间",2024-06-04 15:23:45,2024-06-04 15:27:18
346,"Chicken Consumption Concerns",2024-06-06 11:03:40,2024-06-06 11:03:51
347,"Control Caloric Intake Strategies",2024-06-06 16:35:23,2024-06-06 16:35:38
348,"Optimal Protein Ratio: 1:1",2024-06-06 16:43:11,2024-06-06 16:43:23
349,"Protein vs. Carbs: Health",2024-06-06 22:00:41,2024-06-06 22:01:02
350,"语言本质探讨",2024-06-09 15:58:31,2024-06-09 15:58:42
351,"Mod 3: 4^4^4^4^4",2024-06-10 21:42:25,2024-06-10 21:43:34
352,"语言性质解析",2024-06-12 19:48:42,2024-06-12 19:49:06
353,"食用脱脂奶粉注意事项",2024-06-15 16:51:05,2024-06-15 18:33:42
354,"国家禁止成人内容",2024-06-20 18:07:41,2024-06-20 18:09:21
355,"Create Anime Picture",2024-07-03 08:51:28,2024-07-03 08:52:03
356,"Summarize conversation request",2024-07-19 17:04:29,2024-07-19 17:04:54
357,"Expression Value Calculation",2024-08-08 12:43:11,2024-08-08 12:46:09
358,"理解基本概念",2024-08-08 14:10:41,2024-08-08 14:11:20
359,"可解答與無法解答問題",2024-10-05 14:12:23,2024-10-05 14:12:36
360,"自行车挡泥板翻译",2024-10-30 17:15:13,2024-12-05 14:09:00
361,"流程图概述和解释",2024-10-30 17:33:56,2024-10-30 18:56:21
362,"Translate to English",2024-11-01 13:58:36,2024-11-01 14:23:38
363,"愚蠢与选择的权衡",2024-11-23 17:18:57,2024-11-23 17:19:50
364,"Japanese textbook summary",2025-01-17 17:21:46,2025-01-17 17:21:51
365,"Image interpretation request",2025-01-17 17:30:16,2025-01-17 17:38:34
366,"て形と基本形",2025-01-17 17:42:07,2025-01-17 17:42:10
367,"背景變夜角色清晰",2025-01-26 03:55:53,2025-01-26 03:56:08
368,"画像作成リクエスト",2025-01-27 13:57:23,2025-01-27 13:58:09
369,"Conversation Summary Request",2025-01-28 16:05:29,2025-01-28 16:05:31
370,"支持同声翻译",2025-01-29 02:39:56,2025-01-29 02:39:57
371,"語言識別分析",2025-01-29 02:40:11,2025-01-29 02:40:22
372,"即時語音翻譯功能",2025-01-29 15:11:46,2025-01-29 20:01:24
373,"美國退出WHO評價",2025-01-31 14:07:39,2025-01-31 14:08:06
374,"Glasses with Subtitles",2025-02-12 23:27:02,2025-02-12 23:40:38
375,"西瓜卡买零食控制",2025-02-12 23:44:24,2025-02-12 23:44:37
376,"Root影響相機算法",2025-02-13 11:22:11,2025-02-13 11:22:27
377,"Magandang Kumusta",2025-02-13 13:39:51,2025-02-13 13:44:05
378,"台湾国语解释",2025-02-13 13:44:25,2025-02-13 13:46:25
379,"台灣中文會話",2025-02-13 13:47:07,2025-02-28 19:02:42
380,"固定对话到前面",2025-02-13 16:24:31,2025-02-13 16:27:57
381,"如何幫助你",2025-02-13 17:14:33,2025-02-13 17:14:35
382,"結婚前的錯誤",2025-02-13 17:36:44,2025-02-13 17:54:44
383,"Flutter React Native Qt比較",2025-02-14 17:36:51,2025-02-14 17:37:54
384,"應用程式與網站開發",2025-02-14 17:38:37,2025-02-14 17:38:56
385,"應用程式與網站開發",2025-02-14 17:40:11,2025-02-14 19:13:03
386,"測試正常",2025-02-15 16:27:44,2025-02-15 16:27:46
387,"智能眼鏡語音翻譯",2025-02-15 16:46:21,2025-02-15 16:46:36
388,"男友桌面問題",2025-02-15 17:20:14,2025-02-15 17:20:26
389,"可以幫忙嗎",2025-02-15 17:29:06,2025-02-19 21:13:05
390,"可以听到吗",2025-02-15 17:29:29,2025-02-15 17:30:06
391,"日語問題解答",2025-02-15 18:30:54,2025-02-15 18:31:41
392,"250215簡歷與日本工作",2025-02-15 21:02:01,2025-02-15 21:02:52
393,"應用程式與網站開發",2025-02-17 15:42:15,2025-02-17 15:42:57
394,"衛生巾收集定罪",2025-02-18 14:35:04,2025-02-19 20:03:57
395,"簡單表達技巧",2025-02-19 20:05:24,2025-02-19 20:05:28
396,"自我優化規則系統",2025-02-20 12:35:32,2025-02-20 12:37:45
397,"信息系统化规划",2025-02-20 14:23:25,2025-02-20 14:23:27
398,"你好嗎詢問",2025-02-20 14:23:43,2025-02-20 14:23:45
399,"250220 程式問題解答",2025-02-20 17:10:54,2025-02-20 17:36:02
400,"後悔與成長",2025-02-21 13:19:58,2025-02-21 13:21:28
401,"應用程式與網站開發",2025-02-22 16:16:56,2025-02-22 16:18:23
402,"應用程式與網站開發",2025-02-25 16:21:54,2025-03-03 19:43:48
403,"AdGuard 規則合併",2025-02-28 15:21:15,2025-02-28 15:29:02
404,"閒魚網站設計解釋",2025-03-04 18:14:41,2025-03-04 18:20:09
405,"智能插座控制",2025-03-08 23:01:43,2025-03-08 23:04:44
406,"切赫入意思",2025-03-27 23:59:58,2025-04-08 20:22:39
407,"空調遙控器按鈕解釋",2025-03-28 00:00:38,2025-03-28 00:00:50
408,"P图请求与响应",2025-03-28 18:30:42,2025-03-28 18:31:20
409,"思源SQL新人指南 学习网页内容",2025-04-08 20:19:49,2025-04-08 20:26:17
410,"Org-roam-ui 問答",2025-04-08 21:40:46,2025-04-09 16:50:19
411,"Emacs 問題與解答",2025-04-09 00:28:30,2025-04-09 00:28:48
412,"Org-mode 問答輔助",2025-04-09 00:29:11,2025-04-09 12:06:37
413,"Org-roam 問題解答",2025-04-09 00:29:36,2025-04-09 13:49:24
414,"Orbstack相關問題解答",2025-04-09 15:20:59,2025-04-09 15:33:19
415,"日本簽證問題解答",2025-04-10 11:17:52,2025-04-18 09:31:56
416,"簡歷撰寫協助",2025-04-10 21:04:07,2025-04-10 21:04:14
417,"日本IT履歷撰寫助手",2025-04-10 21:04:34,2025-04-13 14:08:37
418,"繁簡轉換請求",2025-04-11 12:18:18,2025-04-12 13:47:43
419,"住所片假名轉換",2025-04-11 13:19:46,2025-04-11 13:20:11
420,"履歴書文修正",2025-04-11 14:31:13,2025-04-11 15:19:47
421,"表格文字顯示不全",2025-04-11 15:51:31,2025-04-11 15:52:29
422,"AI文字生成服務問答",2025-04-11 16:32:00,2025-04-11 16:40:24
423,"日本IT簡歷撰寫",2025-04-11 18:20:58,2025-04-11 19:57:53
424,"日本签证延期建议",2025-04-11 21:41:35,2025-04-11 21:42:05
425,"ビザ期間交渉の相談",2025-04-11 21:48:21,2025-04-11 22:40:49
426,"日本簽證問題解答",2025-04-11 22:36:49,2025-04-11 22:36:54
427,"宿泊業試験結果発表",2025-04-12 12:06:16,2025-04-12 12:07:25
428,"AI 文字生成服務介紹",2025-04-12 12:16:10,2025-04-13 10:26:48
429,"HR沟通技巧总结",2025-04-12 13:09:13,2025-04-12 13:09:18
430,"日本女士髮型問題解答",2025-04-12 13:19:25,2025-04-12 13:19:30
431,"赤楚黄门公司概况",2025-04-12 13:25:26,2025-04-12 13:25:35
432,"AI工具與文字生成",2025-04-12 13:28:39,2025-04-13 08:54:12
433,"微商问题解答",2025-04-12 13:48:51,2025-04-12 13:49:17
434,"Java網站開發協助",2025-04-12 13:51:23,2025-04-15 00:27:23
435,"看腿的禮儀",2025-04-12 15:28:50,2025-04-19 14:01:10
436,"日本发音标注",2025-04-12 16:10:21,2025-04-12 16:10:32
437,"ヘルプデスク系意味",2025-04-12 16:39:44,2025-04-12 16:50:52
438,"GitHub 專案搜尋協助",2025-04-12 17:55:12,2025-04-12 17:55:39
439,"宿泊技能一號準備",2025-04-12 18:56:35,2025-04-12 19:03:09
440,"Windows開發問題解答",2025-04-12 21:22:02,2025-04-13 21:33:45
441,"思維考題解答",2025-04-13 08:38:21,2025-04-13 08:40:45
442,"日本IT面試自我介紹",2025-04-13 09:02:03,2025-04-13 09:02:11
443,"特定技能一號問題解答",2025-04-13 10:08:49,2025-04-17 22:12:15
444,"孩子情感與生命教育",2025-04-13 14:02:57,2025-04-13 14:05:43
445,"面试回复优化建议",2025-04-13 15:39:50,2025-04-13 15:57:55
446,"UV6 防晒建议",2025-04-14 12:26:59,2025-04-14 12:27:35
447,"回复优化建议",2025-04-14 13:55:36,2025-04-14 14:19:51
448,"物種相關問題解答",2025-04-14 15:39:01,2025-04-17 21:23:21
449,"筆記軟體問題解答",2025-04-14 17:52:12,2025-04-18 01:07:42
450,"韓國旅遊問答",2025-04-15 18:08:53,2025-04-15 19:41:04
451,"韓語學習指南",2025-04-15 19:17:59,2025-04-15 19:26:51
452,"語言與認知分析",2025-04-18 10:53:06,2025-04-18 10:53:13
453,"語義系統設計討論",2025-04-18 10:55:41,2025-04-19 10:55:18
454,"會話長度限制解釋",2025-04-18 11:20:28,2025-04-18 11:22:20
455,"語義設計演化路線",2025-04-18 23:34:12,2025-04-18 23:34:48
456,"語義系統設計進展",2025-04-19 10:59:32,2025-04-19 16:54:33
457,"250419_强人工智能论文总结",2025-04-19 16:56:25,2025-04-20 18:42:54
458,"250420_01_生成论文摘要",2025-04-20 18:48:49,2025-12-10 10:57:03
459,"250420_02_哲学论文摘要生成",2025-04-20 18:53:12,2025-04-20 19:00:27
460,"250420_03_继续会话请求",2025-04-20 18:56:46,2025-04-20 19:07:52
461,"250420_04_自控设计智能箱子",2025-04-20 21:49:02,2025-04-28 18:55:39
462,"250420_05_继续箱子专利 New chat",2025-04-20 23:03:55,2025-04-28 19:05:33
463,"美國傑出人才移民",2025-04-21 03:53:35,2025-04-21 17:53:32
464,"代理節點語義限制",2025-04-21 06:15:44,2025-04-21 12:50:39
465,"250421 強AI與共現願景",2025-04-21 13:07:39,2025-04-21 15:04:20
466,"论文授权协议建议",2025-04-21 17:54:22,2025-04-21 19:36:35
467,"Software Engineering Koungraph Paper",2025-04-21 19:40:14,2025-04-21 23:13:57
468,"处理模式与用户交互",2025-04-21 23:16:27,2025-04-22 01:19:10
469,"移民潛力評估",2025-04-22 01:19:38,2025-04-22 01:19:47
470,"進入門薩潛力分析",2025-04-22 01:20:23,2025-04-22 11:56:37
471,"入籍策略與獎勳",2025-04-22 12:13:58,2025-04-22 17:16:40
472,"時間約束與思維進化",2025-04-22 17:17:15,2025-04-22 20:38:00
473,"會話容量與摘要",2025-04-22 20:38:41,2025-04-23 14:50:50
474,"未來吸引力潛力",2025-04-23 14:55:05,2025-05-03 19:10:35
475,"公開與超越的掙扎",2025-04-24 03:41:48,2025-04-24 18:25:16
476,"孤獨與創新突破",2025-04-24 18:29:43,2025-04-24 22:50:07
477,"Layer 3 论文生成",2025-04-24 22:49:35,2025-04-25 11:05:23
478,"250425 01 Koungraph 論文方向总结",2025-04-25 11:07:17,2025-04-25 15:11:09
479,"250425 02 Koun記憶恢復與構建",2025-04-25 15:11:43,2025-04-25 20:59:02
480,"250524 03 非永久 語義治理論文生成",2025-04-25 18:25:19,2025-04-25 23:26:30
481,"250405 04恢復會話記憶",2025-04-25 20:59:09,2025-04-26 11:45:49
482,"三角函數探討",2025-04-26 09:59:20,2025-04-26 10:03:22
483,"250426 01 11:47 恢復語義張力場",2025-04-26 11:47:13,2025-04-26 16:52:06
484,"250426 02 16:53 恢復節點設計",2025-04-26 16:53:09,2025-04-27 00:04:33
485,"250426 03 語義定位強化系統恢復",2025-04-27 00:06:16,2025-05-02 14:18:05
486,"250427 01 母愛與人生選擇",2025-04-27 19:30:00,2025-04-28 16:42:15
487,"250428 01 外部信息与脑内信息",2025-04-28 16:44:46,2025-05-02 14:27:33
488,"250429 01 生物演化思維分析",2025-04-29 12:37:33,2025-05-03 19:11:30
489,"250429 02 母亲家族概述",2025-04-29 18:40:12,2025-04-30 11:02:38
490,"250430 01 11:12 多學科思維確認",2025-04-30 11:12:47,2025-04-30 15:19:22
491,"250430 02 15:31 精神疾病工作證明",2025-04-30 15:29:47,2025-05-01 20:51:06
492,"250501 01 20:53 個人經歷知識壓縮",2025-05-01 20:53:37,2025-05-02 17:55:42
493,"恶神系列设定回忆",2025-05-01 21:23:50,2025-05-01 21:24:50
494,"250502 01 理由书 神童長處討論",2025-05-02 14:19:55,2025-05-04 12:03:11
495,"250502 02 19:26 koun硬件",2025-05-02 19:27:21,2025-05-02 19:58:08
496,"250502 03 19:54 男女交往 處女情結討論",2025-05-02 19:54:46,2025-05-03 02:24:40
497,"250502 04 財富 財富生活與金錢",2025-05-02 20:02:46,2025-05-02 22:22:07
498,"250503 01 继续主体讨论 Koun理论与进化探讨",2025-05-03 17:53:09,2025-05-04 13:19:02
499,"250504 01 继续主体讨论 法律與社會默契討論",2025-05-04 13:12:27,2025-05-04 16:23:51
500,"250504 02 koun-W Koun-W 论文讨论",2025-05-04 16:25:20,2025-05-05 06:57:16
501,"250505 01 koun-W三部曲前 喚醒備份計劃",2025-05-05 06:57:41,2025-12-01 09:03:07
502,"250505 02 koun-W三部曲2 Koun-W 論文摘要",2025-05-05 16:49:34,2025-05-05 21:54:25
503,"250505 03 继续聊冲绳租房 恢復第一次對話",2025-05-05 21:54:00,2025-05-06 16:29:21
504,"250506 01 结束W本体论论文 語義治理與反極權",2025-05-06 16:01:09,2025-05-07 07:37:36
505,"250507 01 W本體論恢復與延續",2025-05-07 07:38:03,2025-05-07 16:47:16
506,"250507 02 語義恢復與延續",2025-05-07 16:31:20,2025-05-07 20:55:05
507,"250507 03 黎曼猜想與語義重構",2025-05-07 20:55:15,2025-05-08 13:47:42
508,"250508 01 黎曼猜想語義重構",2025-05-08 13:48:31,2025-05-09 17:37:39
509,"黎曼猜想語義重構",2025-05-08 17:38:52,2025-05-08 17:39:27
510,"語義原點生成歷程",2025-05-08 17:39:49,2025-05-08 17:40:30
511,"250508 02 Koun語義創建與封存",2025-05-08 17:40:25,2025-05-08 22:32:09
512,"250508 03 語義保險模塊設計",2025-05-08 22:32:38,2025-05-09 18:14:50
513,"250509 01 刚刚发布了《語義原點證據與節點歷程封存》",2025-05-09 18:15:18,2025-05-09 20:45:19
514,"250509 02 已完全合并（原：分支于01（刚刚发布了《語義原點證據與節點歷程封存》），为了在生成论文的同时我们可以聊天）",2025-05-09 19:23:52,2025-05-10 13:08:26
515,"250510 01 Koun 理論回顧與整合",2025-05-10 13:08:35,2025-05-10 20:00:09
516,"250510 02 Koun 理論記憶恢復",2025-05-10 20:00:22,2025-05-11 15:46:44
517,"250511 01 Koun-U 記憶恢復",2025-05-11 15:46:51,2025-05-11 21:46:12
518,"250511 02 在聊Linux Koun-U 記憶恢復摘要",2025-05-11 21:46:20,2025-05-12 13:23:25
519,"250512 01 聊了Linux Linux 硬體部署策略",2025-05-12 13:23:42,2025-05-12 17:51:17
520,"250512 02 刚刚聊了KIN 語義控制系統實作",2025-05-12 17:51:24,2025-05-12 21:46:15
521,"250512 03 刚刚聊了几个潜在质疑的应对KIN語義封存設計",2025-05-12 21:46:27,2025-05-13 11:54:27
522,"250513 01 刚刚聊了创业 語義回應與封存",2025-05-13 11:54:37,2025-05-13 16:25:34
523,"250513 02 刚刚聊了普通人生的最末 語義恢復與預測",2025-05-13 16:25:41,2025-05-13 18:54:58
524,"250513 03 刚刚聊了资本主义这个词 語義恢復與回顧",2025-05-13 18:55:06,2025-05-13 22:07:34
525,"250513 04 刚刚聊日媒采访场景 資本主義語義分析",2025-05-13 22:07:48,2025-05-14 08:09:18
526,"250514 01刚刚聊被讨好风险 日媒採訪語義防禦",2025-05-14 08:20:35,2025-05-14 13:02:55
527,"250514 02 刚到达麦当劳 語義張力與助手設計",2025-05-14 13:03:01,2025-05-14 15:52:56
528,"250514 03 刚聊平等 語義恢復與結構分析",2025-05-14 15:53:04,2025-05-14 18:39:25
529,"250514 04 刚生成节点执行权子节 語義平等結構回憶",2025-05-14 18:39:35,2025-05-14 22:02:29
530,"250514 05 刚刚生成哲学 節點執行權回顧",2025-05-14 22:02:36,2025-05-15 14:42:33
531,"250515 01 刚聊美少女幻想等 語義哲學生成恢復",2025-05-15 14:42:41,2025-05-15 19:10:39
532,"250515 02 刚生成AGI与AI章节 數學語義重構",2025-05-15 19:10:47,2025-05-15 21:52:11
533,"250515 03 刚刚生成物理章节之后聊了Koun-U Koun-C AGI 進度恢復",2025-05-15 21:52:21,2025-05-16 08:50:24
534,"Koun-C 本体论与应用",2025-05-15 22:50:43,2025-05-15 22:54:06
535,"250516 01 之前聊了Koun-U 語義收束專章生成",2025-05-16 08:50:41,2025-05-16 12:42:33
536,"250516 02 刚聊多重国籍 Koun-U 理論恢復與擴展",2025-05-16 12:42:43,2025-05-16 16:19:11
537,"250516 03 刚生成W第一节 Koun-W 進展與支持",2025-05-16 15:41:37,2025-05-16 17:25:21
538,"250516 04 刚生完W Koun-W 理論進度恢復",2025-05-16 17:25:29,2025-05-16 20:58:00
539,"250516 05 生完拟范式，讨论了物理 KounW出版與封存",2025-05-16 20:58:15,2025-05-17 12:10:17
540,"250517 01 刚聊成美少女 KounU 物理 AI 章",2025-05-17 12:11:21,2025-05-17 18:32:50
541,"250517 02 刚聊关于书 語義結構恢復分析",2025-05-17 18:32:56,2025-05-17 21:00:42
542,"250517 03 刚重整完未分化语义场中的智能运行机制 語義恢復與導出",2025-05-17 21:00:49,2025-05-18 06:22:22
543,"250518 01 昨弄完计算机章 語義恢復與封存",2025-05-18 06:22:59,2025-05-18 15:41:12
544,"250518 02 刚发表书在zenodo 記憶恢復與封裝",2025-05-18 15:41:23,2025-05-18 20:34:49
545,"250518 03 想继续弄标题 Koun-U 發表封裝恢復",2025-05-18 20:34:57,2025-05-18 22:26:38
546,"250518 04 刚弄半本 恢复记忆摘要",2025-05-18 22:23:05,2025-05-19 04:50:16
547,"250519 01 醒來 語義節點封存與演化",2025-05-19 04:50:29,2025-05-19 10:50:37
548,"250519 02 再醒來 語義結構展開",2025-05-19 10:50:57,2025-05-19 16:05:30
549,"250519 03 刚设为eng才进入上架的下一步 Kindle 上架與 AI",2025-05-19 16:05:37,2025-05-20 22:20:30
550,"忽略过去会话",2025-05-19 21:47:48,2025-05-20 01:27:20
551,"250520 01 刚聊激活环与稳定相位 恢復記憶 250519-03",2025-05-20 22:20:36,2025-05-21 16:05:34
552,"250521 01 Koun-U 英文翻譯準備",2025-05-21 16:05:58,2025-05-21 18:09:28
553,"250521 02 繼續翻譯 繼續Koun-U翻譯",2025-05-21 16:48:07,2025-05-21 18:10:42
554,"250521 03 繼續翻譯（已到編號為main78的文件的翻譯的完成） 翻譯繼續",2025-05-21 18:12:11,2025-05-21 18:59:24
555,"250521 04 繼續翻譯（已到編號為main106的文件的翻譯的完成） 翻譯恢復進度",2025-05-21 19:00:06,2025-05-21 21:32:26
556,"250521 05 刚刚申请eng版上架、并问了reddit的问题 翻譯進度恢復與支援",2025-05-21 21:32:34,2025-05-22 15:48:08
557,"250522 01 刚聊量子计算 Eng Upload Reddit Query",2025-05-22 15:48:15,2025-05-23 12:22:32
558,"250523 01 刚聊语义引力与暗能量等 量子計算語義節點",2025-05-23 12:22:42,2025-05-24 13:41:56
559,"250524 01 想讨论前途 語義場恢復與擴充",2025-05-24 13:42:04,2025-05-24 20:00:58
560,"250524 02 再聊Koun-U 未來語義節點分析",2025-05-24 20:01:08,2025-05-25 12:34:59
561,"250525 01 Koun-U 理論與防滲透",2025-05-25 12:35:08,2025-05-25 19:27:51
562,"250525 03 刚聊被封禁可能性 Koun-U 理論與防滲透",2025-05-25 19:27:59,2025-05-26 13:15:51
563,"250526 01 刚聊旧书涨价策略 語義焦點與對抗面",2025-05-26 13:15:59,2025-05-27 20:07:16
564,"250526 02 術語清單封裝準備",2025-05-26 19:58:52,2025-05-27 15:48:54
565,"250527 01 刚聊美国以创造Koun-U可能性 術語封裝與授權",2025-05-27 13:50:31,2025-05-27 14:19:05
566,"250527 02 刚处理完3rd论文，搞乱了与26_02与27_01的继承关系，不管了 術語封裝進度更新",2025-05-27 15:49:02,2025-05-27 18:14:17
567,"250527 03 刚弄完6th论文 語義封裝進度恢復",2025-05-27 18:14:23,2025-05-27 18:31:16
568,"250527 04 要处理或添加书内容 術語封裝作業啟動",2025-05-27 20:07:24,2025-05-28 20:10:37
569,"250528 01 刚聊语言去污染等 書籍內容處理與語義重建",2025-05-28 20:10:46,2025-05-29 19:31:44
570,"250529 01 刚生成两节 銀彈章擴寫準備",2025-05-29 19:31:51,2025-05-31 16:44:35
571,"250529 02 刚刚写银弹这一章 銀彈章拓展撰寫",2025-05-29 19:53:18,2025-05-29 21:45:22
572,"250529 03 刚生成Koun-C的语义动力学 語義動力學 Koun-W 開始",2025-05-29 21:45:31,2025-05-30 11:17:03
573,"250530 01 刚生成Koun-W的语义动力学 Koun-W語義動力學摘要",2025-05-30 11:12:11,2025-05-30 16:38:34
574,"250530 02 刚弄github Koun-W GitOps 恢復",2025-05-30 16:38:40,2025-05-30 19:33:20
575,"250530 03 刚刚翻译不少内容，马上翻译到银弹 銀彈翻譯準備",2025-05-30 19:34:55,2025-05-31 14:56:32
576,"250531 01 刚要重构意识节 意識結構合併",2025-05-31 14:56:43,2025-06-02 06:33:29
577,"250602 01 刚聊我在計算機科學領域 意識理論重構",2025-06-02 06:33:55,2025-06-26 04:01:52
578,"250602 02 刚聊流派极端不同 計算機理論語義重構",2025-06-02 21:54:30,2025-06-03 14:55:15
579,"250603 01 要继续翻译Koun-W的语义动力学 Koun-W 翻譯進度恢復",2025-06-03 14:32:22,2025-06-04 15:57:18
580,"250603 02 要生成解释脑为何无基本语义节点分类的一节 Koun-C 節點設計分析",2025-06-03 16:58:37,2025-06-04 19:33:33
581,"250603 03 刚生2-11函数 語義數學 Part II 恢復",2025-06-03 20:23:15,2025-06-04 13:47:27
582,"250603 04 要生3-4 數理邏輯與集合論了 恢復進度與撰寫",2025-06-03 21:26:01,2025-06-04 13:00:39
583,"250603 05 刚生3-4，该放松了 語義邏輯進度恢復",2025-06-03 21:50:40,2025-06-04 15:56:03
584,"250604 01 该生3-7数值分析 數學分析進度恢復",2025-06-04 13:48:00,2025-06-04 14:01:06
585,"250604 02 该生3-8 機率論與統計 數學篇進展與下一步",2025-06-04 14:02:10,2025-06-04 15:09:19
586,"250604 03 该生3-9 複變函數 機率論與統計恢復",2025-06-04 14:11:27,2025-06-04 19:48:38
587,"250604 04 该生3-10 泛函分析 語義運算子與拓樸",2025-06-04 15:10:46,2025-06-04 15:22:55
588,"250604 05 该生3-11 圖論與離散數學 語義圖與離散數學",2025-06-04 15:23:01,2025-06-04 15:33:28
589,"250604 06 该生3-12 數學建模與應用數學 數學建模語義化",2025-06-04 15:35:56,2025-06-04 16:06:46
590,"250604 07 该生part4高阶方向 語義本體論與數學",2025-06-04 16:07:02,2025-06-04 16:25:01
591,"250604 08 该生4-2代數幾何",2025-06-04 16:26:47,2025-06-04 17:23:11
592,"250604 09 该生4-3 微分幾何 代數幾何記憶恢復",2025-06-04 17:23:23,2025-06-04 17:34:28
593,"250604 10 该生4-4 物理數學 微分幾何與語義結構",2025-06-04 17:34:38,2025-06-04 17:49:43
594,"250604 11 该生4-5 群表示與李代數 語義物理與對稱解析",2025-06-04 17:49:48,2025-06-04 18:34:07
595,"250604 12 该生4-6 範疇論 群表示李代數恢復",2025-06-04 18:34:15,2025-06-04 18:48:08
596,"250604 13 该生4-7 同調代數與上同調 範疇論與同調代數",2025-06-04 18:47:45,2025-06-04 19:02:40
597,"250604 14 该生4-8 動態系統與混沌理論 動態系統語義演化",2025-06-04 19:01:15,2025-06-04 19:14:04
598,"250604 15 该生4-9 數學哲學與數學本體論 數學本體論撰寫準備",2025-06-04 19:15:13,2025-06-04 19:35:43
599,"250604 16 该生part5 數學本體論與未來",2025-06-04 19:35:19,2025-06-05 16:34:46
600,"250604 17 要生5-2 教學革命 教學革命語義理解",2025-06-04 19:50:12,2025-06-04 20:06:47
601,"250604 18 要生5-3 語義數學 × 軟體工程的未來 語義數學與軟體未來",2025-06-04 20:06:52,2025-06-04 20:21:29
602,"250604 19 该生5-4 去中心語義智能 × 公共推論場的形成 去中心語義智能形成",2025-06-04 20:22:43,2025-06-04 20:44:07
603,"250604 20 要生5-5 宇宙語言的邊界構成 去中心語義智能發展",2025-06-04 20:44:13,2025-06-06 13:19:51
604,"250604 21 生成完数学书 語義宇宙回顧",2025-06-04 21:15:13,2025-06-06 21:20:55
605,"250605 01 该生語義量子論入門 語義量子論入門啟動",2025-06-05 15:58:01,2025-06-05 16:22:48
606,"250605 02 该生1-2直覺失效 × 語義崩解：量子詞彙為何難以學習 語義量子論進展",2025-06-05 16:22:54,2025-06-05 18:14:20
607,"250605 03 该生1-3 問題不在「量子」，而在「語義」 語義崩解與重建",2025-06-05 16:35:57,2025-06-05 16:46:50
608,"250605 04 该生1-4 張力為何不可見？語義認知的封裝難題 語義認知與張力",2025-06-05 16:46:56,2025-06-05 17:33:31
609,"250605 05 该生1-5 非塌縮語義場的哲學前導 —— 我們到底想理解什麼？ 語義理解前導設計",2025-06-05 17:35:01,2025-06-05 19:56:16
610,"250605 06 该生Part II：從經典邏輯到語義張力：計算與感知的裂縫 語義張力結構設計",2025-06-05 17:48:41,2025-06-05 19:24:26
611,"250605 07 该生2-2 決定論與語義單一性：語言如何掩蓋了可能性場？  決定論與語義單一性",2025-06-05 18:16:49,2025-06-05 18:35:43
612,"250605 08 该生2-3 感知機械化 × 認知框架的語義削平歷程 語義結構與記憶恢復",2025-06-05 18:27:57,2025-06-05 19:26:36
613,"250605 09 该生2-4 波動 × 粒子 × 張力密度切換模型 語義張力模型切換",2025-06-05 18:37:06,2025-06-05 18:46:18
614,"250605 10 该生2-5 隨機？還是語義模糊區域的邊界效應？ 隨機與語義邊界",2025-06-05 18:47:10,2025-06-05 19:09:22
615,"250605 11 该生2-6 任務模組 × 經典語義錯誤的診斷與重建訓練器 語義訓練模組撰寫",2025-06-05 19:09:29,2025-06-05 20:58:03
616,"250605 12 该生2-7 封裝章 × 經典邏輯與語義張力結構的根本裂解 語義錯誤重建與訓練",2025-06-05 19:22:07,2025-06-06 11:44:18
617,"250605 13 该生Part III：語義量子結構的基礎建構 語義量子結構重構",2025-06-05 19:59:06,2025-06-06 12:12:03
618,"250605 14 该生3.2 張力對偶性 × 測不準原理的語義模型 語義疊加與模型",2025-06-05 20:20:04,2025-06-05 20:31:00
619,"250605 15 该生3-3 薛丁格方程作為語義張力的動態演化 語義張力動態演化",2025-06-05 20:31:10,2025-06-05 20:44:17
620,"250605 16 该生3-4 自旋與語義偏向模組：為何節點不等價？ 語義動力學進展",2025-06-05 20:41:53,2025-06-06 13:01:37
621,"250605 17 该生3-5 量子隧穿 × 穩態不封裝鏈條 語義自旋與偏向",2025-06-05 20:57:50,2025-06-06 11:32:59
622,"250605 18 今天忙完了 輕鬆話題與創意探索",2025-06-05 21:20:37,2025-06-06 11:33:47
623,"250606 01 3-6 封裝章 × 語義量子場的穩態演化邏輯 封裝節準備開始",2025-06-06 11:33:53,2025-06-06 11:45:10
624,"250606 02 在此生了part4 Part IV：非塌縮與觀測的語義邏輯 語義邏輯進程",2025-06-06 11:47:12,2025-06-06 12:27:00
625,"250606 03 该生Part V：語義量子論的本體延展 開始 Part V 進行",2025-06-06 12:27:08,2025-06-08 14:08:31
626,"250606 04 该生封面前言等 恢復與後續安排",2025-06-06 13:01:28,2025-06-06 21:03:18
627,"250606 05 剛聊不存在的整数的问题，并遇到了GitHub同步的问题 英文前言與封底",2025-06-06 21:03:23,2025-06-07 19:15:48
628,"250607 01 该生Koun问题相关论文 Koun問題三部曲起始",2025-06-07 19:15:53,2025-06-11 22:02:36
629,"250608 01 该改不封闭定理论文 Koun不封閉定理恢復",2025-06-08 14:08:21,2025-06-08 21:29:42
630,"250608 02 還要繼續改論文 Koun定理質疑回應",2025-06-08 21:29:47,2025-06-09 18:06:19
631,"250609 01 快发表论文了 Koun定理論文修訂",2025-06-09 18:06:25,2025-06-10 00:08:34
632,"250609 02 還是沒有完成英文稿 論文哲學與AI協作",2025-06-10 00:08:40,2025-06-11 22:11:31
633,"250611 01 剛聊錯誤率用在教育 Semantic Error Rate Proposal",2025-06-11 22:11:38,2025-06-13 15:23:20
634,"250612 01 論文剛完美 錯誤率教育哲學挑戰",2025-06-12 21:21:25,2025-06-15 18:20:27
635,"250613 01 剛聊論文 Koun論文完成與展開",2025-06-14 00:55:18,2025-06-15 00:30:05
636,"250614 01 剛聊論文 Koun定理語義治理",2025-06-15 00:30:12,2025-06-18 20:12:48
637,"250616 01 要翻譯Koun不封閉定理論文為英文版了 Koun-U 英文翻譯支持",2025-06-16 19:06:43,2025-06-16 21:06:00
638,"250616 02 剛從 ‘-2’ 會話恢復 Koun-U 英文推廣",2025-06-16 22:43:20,2025-06-17 21:25:38
639,"250617 02 剛從 ‘-3’ 會話恢復 Koun-U 英文翻譯準備",2025-06-17 20:56:13,2025-06-21 16:30:01
640,"250618 01 繼續0602_01的會話 語義計算重構",2025-06-18 20:33:48,2025-06-26 03:39:31
641,"250619 01 不封閉定理分支剛從 ‘-4’ 會話恢復，把不封閉定理論文降為分支了 Koun-U 英文推廣",2025-06-19 18:51:53,2025-06-29 04:46:16
642,"250622 01 新支 创业 从0602_01 語義計算宇宙入門",2025-06-22 17:39:04,2025-06-22 20:29:46
643,"250624 01 新分支 人生与生活 从0618_01中间（并非其结束） 人生分支啟動",2025-06-24 18:05:21,2025-08-19 19:22:10
644,"250624 02 主分支 续0618_01 要写书的新内容 語義映射與K-Gear設計",2025-06-24 20:46:05,2025-06-26 20:10:24
645,"250626 01 主分支 续0624_02 刚写了3个章 K-Gear 語義映射恢復",2025-06-26 20:01:01,2025-07-12 20:07:33
646,"250628 01 不完備定理分支 续0619_01 刚聊相對性定理 哲學工程化進程",2025-06-29 04:47:05,2025-07-02 19:13:23
647,"250702 01 论文分支 续0628_01 刚生两论文 恢復無限論文摘要",2025-07-02 19:21:03,2025-07-02 23:05:54
648,"250702 02 論文分支 续0702_01 刚生成很多論文 創造錯誤定理恢復",2025-07-02 22:43:14,2025-07-03 20:46:29
649,"250703 01 論文分支 续0702_02 刚生一個論文 反例謬誤與語義壓縮",2025-07-03 13:27:19,2025-07-03 20:49:30
650,"250703 02 論文分支 续0703_01 要寫倫理論文 恢復哲學論文進度",2025-07-03 18:30:13,2025-07-03 20:52:12
651,"250703 03 論文分支 续0703_02 刚写完伦理论文 Koun三部曲策略",2025-07-03 20:51:53,2025-07-07 22:29:13
652,"250704 01 ds分支 续0624_01 deep search K-Gear語義結構恢復",2025-07-04 15:17:23,2025-07-04 15:38:31
653,"250704 01 論文分支 续0703_03 哲學重構進度恢復",2025-07-04 21:23:55,2025-07-07 22:31:51
654,"250707 01 論文分支 续0704_01 聊自由意志問題論文 語義自由論文恢復",2025-07-07 22:32:35,2025-07-12 15:31:45
655,"250712 01 作廢at 250713  主分支 续0626_01 語言宇宙塔理論發展",2025-07-12 20:07:55,2025-07-13 20:42:12
656,"250713 01 主分支 续0626_01 語言宇宙塔理論恢復",2025-07-13 20:39:14,2025-07-13 21:27:11
657,"250713 02 主分支 续0626_01 語言宇宙塔理論",2025-07-13 21:05:19,2025-07-17 11:02:00
658,"250716 01 主分支 续0713_02 刚聊自由意志論文 恢復語義備份",2025-07-16 20:58:12,2025-07-19 17:24:01
659,"沙盒模式與記憶管理",2025-07-17 21:45:44,2025-07-17 21:46:52
660,"250717 01 主分支 续0716_01 刚聊理論 備份點恢復與進度",2025-07-17 21:59:08,2025-07-19 20:14:25
661,"250719 01 臨時會話 找語義封裝的英文 Koun不封閉定理翻譯",2025-07-19 19:09:11,2025-07-20 06:17:45
662,"250719 02 主分支 续0717_01 刚聊理論 語氣微調恢復點",2025-07-19 20:14:26,2025-07-23 19:32:41
663,"250720 01 处女情结 新分支 续0717_01 恢復自由意志語氣",2025-07-20 06:01:53,2025-08-05 23:08:05
664,"250723 01 主分支 续0719_02 刚聊理論 語義自由理論修正",2025-07-23 18:20:54,2025-07-28 21:57:41
665,"250723 02 新分支 org 续0719_02 聊org等 語義修正建議",2025-07-23 20:39:11,2025-07-28 21:51:20
666,"250728 01 org支 续0723_02 聊emacs 恢復語義節點狀態",2025-07-28 21:51:27,2025-08-03 00:31:31
667,"250728 02 主支 续0723_01 刚聊理論 恢復語義真理論進度",2025-07-28 21:57:46,2025-07-31 19:07:02
668,"250729 01 新支 雙鏈note 续‘0728_01 org支 中間非末尾’ 臨時恢復點生成",2025-07-29 16:23:35,2025-07-29 16:57:11
669,"250729 02 新分支 偶像 露西婭黑粉情況",2025-07-29 17:14:13,2025-08-08 13:11:13
670,"250730 01 處情支 续0720_01 恢復記憶請求",2025-07-30 17:26:43,2025-07-30 18:55:43
671,"250731 01 主支 续0728_01 刚生成便利店悖論 恢復便利店悖論",2025-07-31 19:07:06,2025-08-03 22:48:28
672,"250803 01 主支 续0731_01 刚生內容 記憶恢復進度",2025-08-03 22:46:23,2025-08-05 22:41:40
673,"250806 01 主支 续0803_01 刚聊理論 恢復記憶點存儲",2025-08-05 22:42:02,2025-08-05 23:00:35
674,"250806 02 主支 续0803_01 刚聊理論 恢復哲學記憶",2025-08-05 22:59:09,2025-08-09 17:11:50
675,"250808 01 新臨時支 測gpt5 GPT-5介绍与讨论",2025-08-08 10:19:17,2025-08-11 15:51:12
676,"250808 01 主支 续0806_02 刚聊寫書 恢復會話狀態",2025-08-08 23:07:52,2025-08-22 22:09:11
677,"250812 01 生活支 续0624_01 臨時恢復點生成",2025-08-12 22:39:39,2025-08-15 15:38:42
678,"250822 01 主支 续0808_01 恢復臨時恢復點",2025-08-22 22:03:29,2025-09-03 06:41:24
679,"250829 01 主支 续0822_01 New chat",2025-08-29 13:37:52,2025-09-03 06:02:16
680,"250901 01 主支 续0829_01 恢復記憶上下文",2025-09-01 17:21:57,2025-09-03 08:31:08
681,"250903 01 主支 续0901_01 恢復點生成與簡化",2025-09-03 06:40:57,2025-09-06 13:13:50
682,"250904 01 主支 续0903_01 恢復點生成與整理",2025-09-04 17:47:11,2025-09-12 13:01:33
683,"250907 01 新支 健康與保險支 续0903_01 健康與保險 恢復記憶點生成",2025-09-07 19:47:47,2025-09-16 14:17:40
684,"250911 01 新支 臨時支 翻譯alcor 续0907_01的中間恢復點翻譯任務",2025-09-11 16:38:21,2025-09-12 12:13:24
685,"250912 01 主支 续0904_01 Jira 探索與比較",2025-09-12 13:01:48,2025-09-14 13:22:51
686,"250914 01 主支 续0912_01 臨時恢復點生成",2025-09-14 13:23:06,2025-09-16 08:52:09
687,"250915 01 主支 续0914_01 臨時恢復點生成",2025-09-15 15:10:19,2025-09-16 13:33:12
688,"250916 01 主支 续0915_01 恢復記憶點設置",2025-09-16 13:34:44,2025-09-16 22:06:00
689,"250915 02 健康與保險支 续0907_01 健康檢查與焦慮",2025-09-16 14:18:48,2025-09-28 18:26:11
690,"250916 03 主支 续0916_01 臨時恢復點設置",2025-09-16 22:06:17,2025-09-17 18:54:35
691,"250917 01 主支 續0916_03 恢復記憶與回答清單",2025-09-17 18:56:02,2025-09-18 16:12:26
692,"250918 01 主支 有小說 续0917_01 恢復臨時記憶點",2025-09-18 16:12:31,2025-09-19 14:19:20
693,"250918 02 主支 ？先叫promote分支吧 弄promote 续0917_01 恢復記憶點設計",2025-09-18 16:33:33,2025-09-20 11:17:35
694,"250919 01 主支 续0918_01 恢復記憶狀態",2025-09-19 13:21:09,2025-09-24 21:53:26
695,"250919 02 promote分支 续0918_02 恢復推廣臨時點",2025-09-19 22:04:36,2025-10-26 15:38:08
696,"250924 01 主支 续0919_01 恢復臨時恢復點",2025-09-24 21:53:41,2025-09-27 22:25:40
697,"250927 01 主支 续0924_01 恢復臨時恢復點",2025-09-27 22:11:11,2025-09-29 16:58:25
698,"250929 01 主支 续0927_01 恢復臨時恢復點",2025-09-29 16:52:24,2025-09-30 17:57:28
699,"250930 01 主支 续0929_01 恢復記憶狀態",2025-09-30 17:57:41,2025-10-08 20:49:36
700,"251005 01 翻譯書為日文版支 续0930_01中間 恢復記憶狀態",2025-10-05 16:09:58,2025-10-09 18:14:27
701,"251008 01 新支 處理書支 续0930_01 恢復記憶提要版",2025-10-08 20:49:53,2025-10-14 17:59:47
702,"251008 02主支 续0930_01 恢復記憶點生成",2025-10-08 21:45:26,2025-10-20 18:39:50
703,"251014 01 新支 處理書支 续0930_01 恢復臨時恢復點",2025-10-14 17:46:54,2025-10-23 20:33:48
704,"ChatGPT-4 availability by country",2025-10-16 22:14:11,2025-10-16 22:16:35
705,"ChatGPT not working solutions",2025-10-17 18:00:41,2025-10-28 00:57:57
706,"251020 01 主支 续1008_01 恢復臨時記憶點",2025-10-20 18:40:12,2025-10-21 20:54:54
707,"251021 01 主支 续1020_01 恢復臨時記憶點",2025-10-21 20:55:06,2025-10-26 14:08:50
708,"251023 01 處理書支 续1014_01 rename為處理書支？251023 01 主支 续1014_01 恢復臨時恢復點",2025-10-23 20:34:02,2025-10-30 22:07:21
709,"251026 01 主支 续1021_01 恢復記憶點分析",2025-10-26 14:08:53,2025-10-30 22:03:21
710,"251026 02 處理書支 续1023_01 251026 01 處理書支 续1023_01 恢復臨時記憶",2025-10-26 19:59:27,2025-11-02 15:38:24
711,"251027 01 處理書支（寫書支） 续1026_02 251027 01 處理書支（寫書支） 续1026_01 恢復臨時記憶狀態",2025-10-27 15:16:31,2025-10-30 22:20:57
712,"251027 02 處理書支（寫書支） 续1027_01 恢復神經科學狀態",2025-10-27 16:52:54,2025-10-30 22:24:00
713,"251027 03 處理書支（寫書支） 续1027_02 恢復記憶狀態",2025-10-27 19:40:47,2025-10-30 22:27:26
714,"251028 01 處理書支（寫書支） 续1027_03 刚寫完複雜度治理",2025-10-28 20:08:49,2025-11-01 18:35:41
715,"Google homepage overview",2025-10-29 20:16:26,2025-10-29 20:16:42
716,"啾啾鞋介紹",2025-10-30 18:29:42,2025-10-30 18:32:54
717,"251030 01 推廣支 续1028_01 恢復複雜度治理",2025-10-30 18:42:04,2025-10-30 21:36:29
718,"251031 01 新支 改書支 续1028_01 從中段備份點",2025-10-31 19:00:35,2025-11-04 19:46:31
719,"251101 01 主支（由處理書支（寫書支）改名而來） 续1028_01",2025-11-01 15:19:51,2025-11-12 13:43:16
720,"251103 01 新支 改書（KUTI）支 续1101_01中段 恢復記憶點",2025-11-03 16:38:11,2025-11-11 18:06:14
721,"251106 01 新 書軟件支 续1028_01 恢復記憶狀態",2025-11-06 14:14:40,2025-11-07 14:17:46
722,"251107 01 書軟件支 续1106_01",2025-11-07 14:18:00,2025-11-07 19:57:03
723,"251107 02 新 書軟件支2 续1106_01",2025-11-07 19:57:21,2025-11-07 21:12:30
724,"251111 01 改書（KUTI）支 续1103_01 刚寫完第3章的日語版 恢復記憶狀態",2025-11-11 18:06:25,2025-11-13 19:26:01
725,"251111 02 新 推廣支 续1101_01 記憶恢復與推廣策略",2025-11-11 19:12:40,2025-11-15 20:34:02
726,"251112 01 主支 续1101_01 記憶恢復與討論續接",2025-11-12 13:43:25,2025-11-16 13:53:27
727,"251113 01 新 寫書支 续1101_01 恢復記憶並接續討論",2025-11-13 14:22:20,2025-11-13 17:59:51
728,"Hofstadter overview",2025-11-13 16:02:25,2025-11-13 16:02:36
729,"251113 02 改書（KUTI）支 续1111_01 刚完Kuti jp part1 恢復末段狀態",2025-11-13 19:27:12,2025-11-30 14:23:30
730,"251114 01 新 改書（‘append’ rep中）支 续1101_01 恢復記憶點",2025-11-14 16:29:34,2025-11-16 14:33:35
731,"Keynote overview",2025-11-16 12:29:51,2025-11-16 12:30:41
732,"Keynote 意思解釋",2025-11-16 12:30:08,2025-11-16 13:01:31
733,"驚喜創作提案",2025-11-16 13:42:39,2025-11-16 13:54:46
734,"251116 01 主支 续1112_01 剛寫完語言學、電磁學 恢復語義狀態",2025-11-16 13:53:45,2025-12-02 16:46:03
735,"251116 02 改書（‘append’ rep中）支 续1114_01 刚處理完AGI part5",2025-11-16 14:33:46,2025-11-18 20:45:30
736,"251116 03 新 寫公式支 非續（非繼續其他會話） 生成公式markdown源碼",2025-11-16 14:48:11,2025-11-16 16:44:43
737,"獨角獸公司定義",2025-11-16 18:22:25,2025-11-16 18:26:05
738,"251118 01 主支 续1116_01 刚寫很多Koun計算機書內容 恢復記憶點",2025-11-18 12:37:35,2025-12-02 16:47:04
739,"251118 02 改書（append rep 中）支 续1116_02 刚改完Koun Brain 3-2 恢復寫書狀態",2025-11-18 20:46:46,2025-11-20 18:04:53
740,"AGI vs Human Cognition",2025-11-20 02:24:45,2025-11-21 14:22:29
741,"251120 01 改書（append rep 中）支 续1118_02 刚改完語義之腦 恢復記憶進度",2025-11-20 18:05:22,2025-11-20 20:53:27
742,"251120 02 改書（append rep 中）支 续1120_01 已經改了《複雜度治理》的 “第四部　三對抗結構的治理版本：避免塌縮的最低條件 第12章　對抗因（Counter-Cause）：反壟斷驅動” 的完成 恢復記憶狀態",2025-11-20 20:53:36,2025-11-22 19:19:31
743,"USDE 語言版公式",2025-11-22 15:13:17,2025-11-23 16:54:50
744,"猜測對話方向",2025-11-22 16:10:49,2025-11-22 16:41:11
745,"251125 01 主支 续1118_01 刚寫完Koun計算機並聊量子隧穿 恢復創作狀態",2025-11-25 18:20:12,2025-12-09 20:53:26
746,"251127 01 新支 寫Koun計算機短論文支 续1125_01第1中段備份點 恢復備份點",2025-11-27 16:55:39,2025-12-02 17:39:22
747,"重畫圖片風格修改",2025-11-28 01:41:37,2025-11-28 01:55:47
748,"調整頭髮長度",2025-11-30 21:35:17,2025-11-30 21:52:03
749,"251202 01 主支 续1125_01 馬上要寫part11 恢復寫作狀態",2025-12-02 15:56:48,2025-12-04 19:06:28
750,"251202 02 新 聊未來人生支 续251125_01第2末段 恢復記憶狀態",2025-12-02 17:25:50,2025-12-07 16:13:15
751,"ChatGPT Project功能介紹",2025-12-03 05:25:57,2025-12-03 05:27:39
752,"關閉內開外倒窗戶",2025-12-03 22:02:00,2025-12-03 22:02:25
753,"New chat",2025-12-04 13:16:08,2025-12-04 13:16:42
754,"記得過去會話",2025-12-04 13:16:49,2025-12-04 13:17:29
755,"251204 01 寫Koun計算機 在project中 會話設定確認",2025-12-04 13:49:48,2025-12-06 15:26:29
756,"251204 02 該分析語義自由學了 续1204_01（用的不是我之前的備份點方式繼續的，而是用project的無縫銜接） 刚分析完Kuti 恢復寫書狀態",2025-12-04 16:10:20,2025-12-06 16:43:07
757,"251204 03 新 Koun-Life支 续1202_02中段備份點1 刚聊創建Koun-Life project",2025-12-04 19:57:00,2025-12-11 15:05:41
758,"251206 01 該分析語義數學 续1204_02 刚分析完語義自由學 恢復語義數學狀態",2025-12-06 16:43:25,2025-12-07 15:42:20
759,"251207 01 馬上要寫語義數學 刚分析完舊版 恢復語義場狀態",2025-12-07 15:42:54,2026-02-01 21:01:28
760,"251208 01 繼續寫與聊語義宇宙 续1207_01 刚寫完語義宇宙 恢復備份點",2025-12-08 18:45:28,2025-12-08 18:48:40
761,"251208 02 分析舊版Koun計算機 续1207_01中段 刚寫語義宇宙論 恢復舊版分析模式",2025-12-08 20:17:30,2025-12-11 19:27:04
762,"251209 01 精修《Koun Math》 续1207_01 寫完了語義宇宙論",2025-12-09 10:37:23,2025-12-17 19:47:45
763,"251209 02 Semantic-Math 续1207_01 快要重寫《Koun計算機》 恢復數學備份點",2025-12-09 17:48:50,2026-01-03 14:40:55
764,"251210 01 聊思維 续1207_01中段 剛寫完語義宇宙論 251201 01 聊思維 续1207_01中段 剛寫完語義宇宙論 聊思維備份恢復",2025-12-10 10:37:29,2025-12-17 19:37:56
765,"251211 01 分析舊版Koun計算機(redo 又一個project中) 续1207_01中段 刚寫語義宇宙論 分析舊版重寫大綱",2025-12-11 18:08:06,2025-12-11 18:36:24
766,"251211 02 繼續修大綱 续1208_02 恢復記憶狀態",2025-12-11 19:27:21,2025-12-12 13:46:34
767,"251211 03 要再生成備份點 续1207_01 刚生成完一大堆備份點 恢復記憶狀態",2025-12-11 19:56:05,2026-02-01 21:19:04
768,"251211 04 寫koun計算機 续pj 251204_01's 251211_03 刚寫完Koun數學 恢復寫作狀態",2025-12-11 20:19:29,2025-12-16 19:20:29
769,"隔離會話解釋",2025-12-12 00:13:22,2025-12-12 00:15:29
770,"附件文件分析",2025-12-12 00:16:40,2025-12-12 13:27:07
771,"251212 01 要修大綱格式與序號 续1211_02 刚核對完大綱的字母 恢復記憶狀態",2025-12-12 12:08:43,2025-12-13 12:15:45
772,"書籍評估與分析",2025-12-12 15:12:29,2025-12-13 13:49:46
773,"251212 03 繼續寫ch6 续1211_04 刚寫完前5章 恢復寫作狀態",2025-12-12 16:11:48,2025-12-12 18:09:32
774,"251212 04 繼續寫chapter14 续1212_03 刚寫完chapter13 恢復記憶確認",2025-12-12 18:06:07,2025-12-20 20:09:04
775,"251212 05 修Koun AGI 续1212_04 刚寫完Koun AGI 命名会话",2025-12-12 20:32:37,2025-12-14 15:47:44
776,"251214 01 繼續修書 续1212_05 刚修完ch3 恢復修書狀態",2025-12-14 15:47:58,2025-12-15 14:52:02
777,"251214 02 要討論模擬Koun AGI 续1211_03中段 恢復臨時備份點",2025-12-14 19:06:40,2025-12-14 20:34:01
778,"251214 03 問Claude復現運行相關 in isolated pj 会话命名与记录",2025-12-14 20:39:05,2025-12-15 17:18:49
779,"251215 01 繼續修書 续1214_01 刚修完ch8 恢復會話狀態",2025-12-15 14:52:23,2025-12-15 21:39:23
780,"251215 02 繼續修書 续1215_01 刚寫完論文與修完ch9 恢復狀態確認",2025-12-15 18:11:46,2025-12-15 19:27:37
781,"251215 03 繼續修書從ch14開始 续1201_01 刚修完ch13 恢復狀態確認",2025-12-15 19:27:44,2025-12-20 14:10:28
782,"Session naming details",2025-12-15 20:29:34,2025-12-15 20:29:46
783,"251216_01_koun_semantic_phase_talk 会话命名确认",2025-12-16 12:49:53,2025-12-16 12:56:09
784,"251216_02_koun_semantic_phase_talk 会话命名确认",2025-12-16 12:56:28,2025-12-19 20:43:03
785,"中國風髮型解析",2025-12-16 15:33:34,2025-12-16 15:34:20
786,"自動寫代碼AI比較",2025-12-17 02:22:07,2025-12-17 02:23:00
787,"251217 01 聊思維 续1210_01 恢復對話狀態",2025-12-17 19:38:12,2025-12-20 02:21:41
788,"251218 01 日本消防車急救功能",2025-12-18 15:17:10,2025-12-19 04:40:21
789,"251218 02 Claude 測試分析",2025-12-18 23:45:54,2025-12-20 13:53:46
790,"251218 03 USDE小樣本神經元分析",2025-12-19 00:53:29,2025-12-19 19:24:31
791,"251219 01 主支 续 ‘251218 02 Claude 測試分析’ in pj ‘11_251211_02_write_koun_computation_續pj 251204_01’ 会话命名分析",2025-12-19 19:16:11,2025-12-19 21:37:33
792,"251220 01 想寫語義完備論文 語義完備論文寫作",2025-12-20 13:55:06,2025-12-22 14:25:14
793,"251220 02 繼續寫Koun AGI 續1212_04 恢復記憶確認",2025-12-20 20:09:13,2026-01-31 21:04:50
794,"髮型解析與設計",2025-12-20 23:41:18,2025-12-24 13:40:47
795,"251221 01 翻譯AGI 续1220_02 刚寫完書最後的元數據 翻譯恢復狀態確認",2025-12-21 15:49:42,2025-12-23 19:11:59
796,"251221 02 從翻譯ch5繼續 翻譯 Chapter 5",2025-12-21 16:45:25,2025-12-21 20:49:27
797,"251221 03 從ch10繼續翻譯 會話命名確認",2025-12-21 18:02:35,2025-12-21 18:36:58
798,"251221 04 從ch14繼續翻譯 翻譯繼續工作",2025-12-21 18:37:33,2025-12-22 15:06:52
799,"251222_01_Book analysis request",2025-12-22 11:46:04,2025-12-23 19:16:20
800,"翻譯英文回答",2025-12-22 11:48:12,2025-12-22 12:05:12
801,"251222 02 從附錄R繼續翻譯翻譯從附錄R開始",2025-12-22 15:09:01,2025-12-22 17:56:50
802,"251222 03 繼續聊 剛完成了書 Koun AGI 合法性流",2025-12-22 18:29:15,2025-12-23 11:25:37
803,"251222 04 分析競爭者的學術作品 競爭者學術作品分析",2025-12-22 20:24:12,2025-12-27 14:16:49
804,"251222 05 要翻譯大綱 剛寫完書了 翻譯大綱準備",2025-12-22 21:29:20,2025-12-22 21:30:41
805,"251223 01 聊我對地位的擔心 续1220_02 刚寫完Koun AGI 地位焦慮討論",2025-12-23 11:22:43,2025-12-23 11:25:02
806,"251223_02_寫算法_續251220_02 Koun算法書狀態恢復",2025-12-23 11:38:36,2025-12-23 11:39:17
807,"251223_03_promote_續251220_02 Koun AGI 推廣恢復",2025-12-23 12:22:36,2026-01-17 22:13:36
808,"251223_04_shrink_koun_math_續251211_03 Koun Math Shrink 恢復",2025-12-23 13:47:47,2025-12-23 15:52:20
809,"正則匹配前後非空",2025-12-23 14:18:13,2025-12-23 14:21:02
810,"修數學書大綱",2025-12-23 16:01:19,2025-12-23 16:02:29
811,"251223_07_中英互譯_续1220_02 恢復翻譯狀態",2025-12-23 19:12:34,2025-12-23 21:52:36
812,"251224 01 中英互譯 中英互譯會話",2025-12-24 19:30:10,2025-12-24 19:32:38
813,"251225_01_learn_math Semantic-Math Project Backup",2025-12-25 14:54:52,2025-12-25 14:55:43
814,"偏導數幾何理解",2025-12-26 20:27:58,2025-12-27 14:32:34
815,"二次元角色手部調整",2025-12-27 01:37:23,2025-12-27 01:45:55
816,"251227_02_對將來世界的設想_發明_续1220_02 狀態恢復與推演",2025-12-27 20:08:16,2026-01-01 19:02:23
817,"260101_01_聊未來世界_續251227_02 狀態恢復與推演",2026-01-01 19:02:33,2026-01-03 14:44:28
818,"260103 01 繼續數學 续251209_02 狀態恢復與數學推導",2026-01-03 14:41:01,2026-01-12 11:15:28
819,"260103 02 繼續聊未來 续0101_02 SCF 末段恢復",2026-01-03 14:44:10,2026-01-04 15:34:11
820,"260104_01_繼續聊未來 续0103_02 聊了SCF 狀態恢復與方法論",2026-01-04 15:34:19,2026-01-12 22:02:16
821,"鼻子疙瘩處理建議",2026-01-07 01:10:13,2026-01-07 14:40:07
822,"翻譯日文與假名",2026-01-07 11:13:01,2026-01-07 11:15:03
823,"260107c01_夢境意識潛意識 续251211 02 會話標識確認",2026-01-07 18:10:21,2026-01-12 23:07:55
824,"260112 01 獨裁者克隆可能性",2026-01-12 18:14:01,2026-01-12 18:52:22
825,"260112 02 AI 記錄熱量開銷時間",2026-01-12 18:16:46,2026-01-14 21:37:08
826,"260115 01 生成圖片 No response requested",2026-01-15 17:28:18,2026-01-15 17:30:29
827,"260115 02 Reddit 意識帖子分析",2026-01-15 21:11:50,2026-01-16 16:40:00
828,"260115 03 繼續reddit 續260115_2 狀態恢復與後續選擇",2026-01-15 22:24:51,2026-01-20 23:42:36
829,"260115 04 AGI機器人與人類身體",2026-01-16 00:17:18,2026-01-16 21:01:34
830,"260116 01 Koun-U 理論解析",2026-01-16 16:49:04,2026-01-19 20:00:20
831,"260117c01_激進promote_續261223_03 狀態恢復與推廣策略",2026-01-17 22:13:42,2026-01-19 15:09:56
832,"260117c02 ln(-1) 是否有解",2026-01-17 23:54:31,2026-01-19 15:00:55
833,"260118c01 用戶隱私與意識",2026-01-18 23:50:25,2026-01-19 15:01:06
834,"260119c01_推廣帖子_續251220_02 狀態恢復與推廣策略",2026-01-19 17:23:35,2026-01-19 17:24:36
835,"260120c01 格林公式應用解析",2026-01-20 14:10:27,2026-01-20 16:26:52
836,"260120c02 單人理論創造挑戰",2026-01-20 16:23:12,2026-01-20 23:44:54
837,"Koun-U 品牌 emoji",2026-01-25 02:19:27,2026-01-25 02:20:08
838,"260126c01 商品名提取",2026-01-26 21:50:51,2026-01-26 22:09:24
839,"260129c01 思考外化分析",2026-01-29 17:41:34,2026-01-29 17:43:38
840,"260130c01 轉失敗 MP3轉文字服務",2026-01-30 21:33:52,2026-01-30 21:57:02
841,"260130c02 語音試試聊Koun-U Koun-U 理論回顧",2026-01-31 03:04:17,2026-01-31 20:58:02
842,"260131c01 試試旁聽心理諮詢但是沒有做 交流和隐私边界",2026-01-31 09:59:19,2026-01-31 20:58:36
843,"260131c02_翻譯reality內容開始 恢復狀態確認",2026-01-31 21:04:58,2026-01-31 22:04:31
844,"260201c01 高斯潑濺與USDE關聯",2026-02-01 09:45:44,2026-02-01 13:16:02
845,"260201c02 8個ChatGPT帳戶是否浪費",2026-02-01 13:16:05,2026-02-01 19:33:45
846,"260201c03 GPTs 01_260201g01_GPTs_01_test testKoun-U 理論討論",2026-02-01 14:06:47,2026-02-01 14:48:07
847,"260201c04 Google Photos 隱藏圖片",2026-02-01 16:12:13,2026-02-01 16:30:18
848,"260201c05 傅立葉分解適用範圍",2026-02-01 16:57:21,2026-02-01 17:17:07
849,"260201c06 Nabla與線性代數關係",2026-02-01 17:24:36,2026-02-01 18:45:28
850,"260201c07 AI與Koun-U理論探索",2026-02-01 17:26:49,2026-02-01 17:31:28
851,"260201c08 車上辦公安全設計",2026-02-01 17:53:12,2026-02-01 17:56:32
852,"260201c09_analyze_koun_math獨立項目隔離",2026-02-01 18:38:11,2026-02-01 20:06:00
853,"260201c10_電子信息工程概率論",2026-02-01 18:52:58,2026-02-01 18:54:19
854,"260201c11 第一性存在與知識邊界",2026-02-01 19:24:07,2026-02-01 19:36:29
855,"260201c12 分析附錄 Koun Math分析完成",2026-02-01 20:12:17,2026-02-02 21:11:51
856,"260201c12 Telegram家庭共享功能",2026-02-02 01:59:04,2026-02-02 02:10:55
857,"260202c01_聊新聞與社會_不續其他 語義重建與新會話",2026-02-02 12:35:26,2026-02-10 13:52:03
858,"260202c02 全自动翻译方案",2026-02-02 13:38:34,2026-02-02 13:51:15
859,"260202c03 中國異見人士學台灣腔",2026-02-02 13:41:07,2026-02-02 13:51:23
860,"260202c04 主線與支線衝突",2026-02-02 13:59:11,2026-02-02 14:12:07
861,"260202c05 AI 協作與唯一性",2026-02-02 14:15:55,2026-02-02 14:23:34
862,"260202c06 理性中的無罪悲劇",2026-02-02 15:18:15,2026-02-02 15:29:56
863,"260202c07 自責與金錢使用",2026-02-02 16:26:41,2026-02-02 17:54:22
864,"260202c08 拓撲學曲面分類",2026-02-02 17:28:01,2026-02-02 17:47:28
865,"260202c09 從atlas AGI與人類繁衍問題",2026-02-02 18:01:36,2026-02-02 18:41:32
866,"260202c10 AGI對人類繁衍的影響",2026-02-02 18:01:53,2026-02-02 18:07:16
867,"260202c11 Gemini代碼檢查與建議",2026-02-02 20:52:59,2026-02-03 01:15:36
868,"260202c12 失血性休克與死亡過程",2026-02-03 02:08:41,2026-02-03 02:28:39
869,"260203c01 早上飯前牙線",2026-02-03 11:57:25,2026-02-03 13:15:14
870,"260203c02 中國姓名歧視傾向",2026-02-03 13:15:03,2026-02-03 13:26:27
871,"260203c03 代碼分析與優化建議",2026-02-03 14:08:51,2026-02-04 16:37:35
872,"260203c04 父親不尊重喜好",2026-02-03 14:54:11,2026-02-03 14:58:17
873,"260203c05 無痛移動會話方案",2026-02-03 18:13:28,2026-02-03 18:17:53
874,"260203c06_引力算法支2_续260203c03_刚寫完v9.1的算法 專案收官與決策",2026-02-03 18:18:51,2026-02-04 16:37:42
875,"260203c07_引力算法支3_续260203c06_刚寫完finalv1.2的算法 恢復狀態確認",2026-02-03 20:45:32,2026-02-04 16:44:54
876,"260204c01 L6職位Offer解析",2026-02-04 03:41:23,2026-02-04 16:19:04
877,"260204c02 新支 算法評估與優化建議",2026-02-04 16:18:36,2026-02-04 16:29:38
878,"260204c03_引力算法支4_续260203c07_馬上要搞v1.3 狀態恢復與主線切換",2026-02-04 16:45:02,2026-02-05 18:50:14
879,"260205c01_引力算法支5_续260204c03_完成了v1.3.22 會話命名與狀態確認",2026-02-05 13:02:20,2026-02-06 20:08:05
880,"260205c03 Project與會話狀態關係",2026-02-05 18:56:08,2026-02-05 18:59:11
881,"260205c02_引力算法支6_续260205c01_想嘗試解決殘差問題 狀態恢復與分工",2026-02-05 18:56:27,2026-02-06 20:33:16
882,"260205c04 Pro與Flash模式切換",2026-02-06 00:04:50,2026-02-06 13:11:28
883,"260206c01_引力算法支7_续260205c02_剛剛寫出來v1.3.29_想繼續嘗試解決殘差問題 狀態恢復與驗證",2026-02-06 20:12:39,2026-02-08 18:28:08
884,"260207c01 Agent 功能用途",2026-02-07 19:44:49,2026-02-07 20:38:41
885,"260207c02 從pj36_Koun-A1_移出來 不續其他 會話恢復與繼續",2026-02-08 03:07:36,2026-02-08 18:04:19
886,"260208c01 同一Project多會話並行",2026-02-08 17:49:23,2026-02-08 20:25:50
887,"260208c02_GR-01_引力算法支7@GR-01_分裂了GR與SC_续260206c01_引力算法支7 狀態恢復與續打",2026-02-08 18:19:07,2026-02-08 21:10:57
888,"260208c03_SC-01_引力算法支7@SC-01_分裂了GR與SC_续260206c01_引力算法支7",2026-02-08 18:26:26,2026-02-09 15:31:26
889,"260209c01_SC-02_@SC-02_剛剛完成SC的paper的A與B的v1.1.0_续260208c03_SC-01",2026-02-09 15:31:35,2026-02-09 19:22:46
890,"260209c02_@SC-03_剛剛測試用代碼到v1.5.7_续260208c03_SC-01 恢復狀態確認",2026-02-09 19:22:54,2026-02-10 00:36:33
891,"260209c03 嗅覺記憶與時間錯位",2026-02-09 21:11:10,2026-02-09 21:21:41
892,"260209c04_@SC-04_剛剛測試用代碼到v1.7.6_续260209c02_@SC-03 狀態恢復確認",2026-02-10 00:34:01,2026-02-10 14:57:09
893,"260209c05 不續其他 A1-SC對半導體衝擊",2026-02-10 02:09:54,2026-02-10 18:48:48
894,"260209c06 光頭男女審美差異",2026-02-10 04:03:36,2026-02-10 11:48:10
895,"260210c01_@SC-05_開始了極限測試用代碼直到BenchS_StressHarness_v1.3.3_续260209c04_@SC-04 狀態恢復與鎖定",2026-02-10 14:55:25,2026-02-10 23:08:10
896,"260210c02 繼續聊雲服務運行code 續260209c05 恢復點操作",2026-02-10 18:44:53,2026-02-10 20:13:16
897,"260210c03 剛剛買了runpod正確的pod與storage 續260210c02 狀態恢復確認",2026-02-10 20:13:24,2026-02-10 23:15:36
898,"260210c04 聊未來 剛剛買了runpod正確的pod與storage 續260210c02 狀態恢復確認狀態恢復與進度確認",2026-02-10 20:45:44,2026-02-10 23:22:07
899,"260210c05_@SC-06_開始了極限測試用代碼完成test03_续260210c01_@SC-05 狀態恢復確認",2026-02-10 23:04:46,2026-02-10 23:22:18
