1677802551.549965	1677802551.549965	请求帮助
1677820440.187993	1677820440.187993	Mindnote vs iThoughts.
1677822699.442606	1677822699.442606	动物皮肤上的大蛆：解释
1677848625.370869	1677848625.370869	多吃碳水化合物转脂肪
1677852119.50889	1677852119.50889	Vue转义与输出
1677889348.676236	1677889348.676236	Shukouun Transliteration
1677893000.226161	1677893000.226161	安卓手机推荐
1677896419.611502	1677896419.611502	习近平错别字
1677897196.237036	1677897196.237036	API service availability.
1677900915.474184	1677900915.474184	Vim 替换操作
1677909780.646794	1677909780.646794	普京的伟大性
1677911167.066888	1677911167.066888	庆祝30岁生日
1677922489.279416	1677922489.279416	ChatGPT greets user.
1677925497.447503	1677925497.447503	习近平错别字
1677928806.545397	1677928806.545397	俄罗斯军事行动
1677933554.392772	1677933554.392772	使用ADB设置分辨率
1677934843.623096	1677934843.623096	用户询问时间
1677941441.029912	1677941441.029912	提取食物营养元素
1677981247.511096	1677981247.511096	Hyper-V 远程桌面卡顿
1677985689.636303	1677985689.636303	Mac Crossover 鼠标卡住问题解决
1677990598.617684	1677990598.617684	New chat
1678000282.233448	1678000282.233448	Chat Name: 20230305_chat
1678007932.548446	1678007932.548446	球的表面积
1678008602.139712	1678008602.139712	Mac MySQL Internet Access.
1678009265.655187	1678009265.655187	MySQL远程用户权限
1678009470.215139	1678009470.215139	嘴唇干燥建议
1678067857.814964	1678067857.814964	HP ProBook 635 G8
1678074158.906415	1678074158.906415	New chat
1678075754.243567	1678075754.243567	5800U vs 4800H Comparison
1678078672.58544	1678078672.58544	隆鼻种类
1678079431.340529	1678079431.340529	慢学习，如何改进？
1678080496.884595	1678080496.884595	TheBrain vs. 双链笔记
1678080895.464661	1678080895.464661	乱脑策略建议
1678144219.319049	1678144219.319049	鼠标卡窗口
1678173025.419743	1678173025.419743	更改Windows滚轮方向
1678175980.0563	1678175980.0563	New chat
1678317641.193233	1678317641.193233	Vim替换每行开头
1678345630.215914	1678345630.215914	测试日本IT产业
1678601425.061563	1678601425.061563	New chat
1678605245.961018	1678605245.961018	蘿蔔後放屁
1678605370.725712	1678605370.725712	五子棋 AI 模型
1678684121.16042	1678684121.16042	Excel列条件格式
1678687646.31371	1678687646.31371	CL_APPLLICATION_PROCEDURE_CLS
1678699186.521847	1678699186.521847	中文翻译请求
1678782816.086836	1678782816.086836	New chat
1678970648.541644	1678970648.541644	New chat
1679034027.872697	1679034027.872697	New chat
1679109581.795826	1679109581.795826	飢餓感原因
1679119588.342138	1679119588.342138	快速提高血糖和饥饿感
1679121975.598755	1679121975.598755	粒入りマスタード
1679122783.586223	1679122783.586223	植物与动物细胞融合
1679127649.129184	1679127649.129184	面包含多少糖？
1679140440.63699	1679140440.63699	美味酒粕料理
1680153061.622199	1680153068.0	日本 IT 不变番号
1681113101.107927	1681113274.0	Excel: Rows 77-102 Red Text
1682823872.409305	1682823882.0	摄入热量的世界纪录
1682951185.506322	1682951200.0	AutoHotkey 映射Caps Lock
1683079833.08016	1683079837.0	Title: Request Summary
1683551514.970249	1684144048.0	显示回收站文件路径
1683700899.230594	1683791976.0	日本語の問題を解く
1683792329.297215	1683886470.0	日软工专业
1684198804.858445	1684208932.0	Mac MySQL 局域网端口设置
1684211391.850617	1684211570.0	New chat
1686026439.245957	1687772223.0	chi to eng
1687231506.567145	1746468840.78148	西瓜存放时间
1687427036.215451	1746468840.173107	生吃香菇的风险
1687524718.657254	1746468839.401246	赤藓糖醇热稳定性
1687771309.427061	1687771320.0	Vim搜索条件：abc, 忽略大小写, 行尾
1687772274.463321	1687773525.0	Max Element-UI Tree Limit
1687774952.665022	1687775644.0	Vue localStorage
1687793555.182751	1687793597.0	Mac sandboxing clipboard access.
1687828473.143173	1687858937.0	Vue $condeid是什么
1687924422.2922	1687924441.0	Vue2 $refs setTimeout
1688012870.436709	1688018756.0	Vue2代理处理程序
1688032068.271592	1688032572.0	Vue2 input属性
1688095070.191318	1688096460.0	eGPU KVM Passthrough Setup
1688114305.184447	1688114403.0	10344mg Na in Salt
1688127392.222938	1688127427.0	SSH开机全盘加密
1688136644.674013	1688136738.0	1542 kJ to kcal
1688363411.840805	1688373396.0	Vue2嵌入PDF
1688370713.428733	1688370727.0	密码管理建议
1688371905.650623	1688371908.0	PDF形式へ変更
1688372155.770656	1688372253.0	SVN提交并入代码
1688465559.612525	1688465594.0	Install PVM+TPM
1688616943.724922	1688616951.0	钠含量计算
1688645847.420083	1688645858.0	Require hello-world.el in init.el
1688704356.877795	1688710163.0	div的data-tab使用说明
1688745837.524858	1688794263.0	Code notebook with collapsing.
1688888913.528594	1746249593.599899	ZFS Without ECC Memory
1688891640.345134	1688891655.0	Debian Installation on Notebook
1688993673.047785	1688993704.0	Vue async修饰符说明
1689038693.556018	1689038706.0	钠转盐重量计算
1689041455.378977	1689041467.0	地点提供
1689075388.534097	1746248987.136303	米饭与葡萄糖血糖影响
1689127555.038161	1689127557.0	Edit Diary Date Issue
1689142266.5494	1689142281.0	Vue self 不存在
1689148273.986617	1689148450.0	Install Linux on Notebook
1689214878.145374	1689214978.0	Linux Repair Guide
1689406089.252347	1689406096.0	查找附近皮肤科
1689410304.82098	1689410308.0	Ceph dosing guidelines
1689411202.165775	1746248808.26704	ミノサイクリン翻訳
1689485586.465445	1746248807.088067	鲜蔬菜存放时间
1689566157.236435	1689566287.0	情報所有者とは？
1689569392.532826	1689569415.0	日语「与」与「有」区别
1689683099.238104	1689683122.0	KVM Bridge Setup
1689782199.372351	1689782233.0	Debian LUKS TPM Setup.
1689830701.878642	1689830712.0	Vim Replace: "true" with "false"
1689926345.65078	1689926356.0	JS Date Subtraction
1689931158.00458	1689933490.0	Vue2模拟点击按钮
1690095103.446868	1690095198.0	KVM Memory Management
1690122246.909101	1690122265.0	Code Note Apps
1690122741.011433	1690122757.0	Mac: Make File Read-Only
1690247496.985924	1690249388.0	230725_01 実現された機能 (Jitsugen sareta kinou)
1690252715.116327	1690274693.0	230725_02 0Vue2 点击打开新窗口
1690263194.323042	1690264458.0	230725_03 香蕉肉冷冻保存时限
1690358163.0882	1690358178.0	PC提醒推送iPhone
1690796471.198739	1690796508.0	大豆 vs 可可蛋白质
1690904243.735736	1690904254.0	Vim: Insert # & Space
1691040529.708478	1691040531.0	変更されたウィンドウ形式
1691124652.838904	1691126392.0	Element UI 表格悬停样式
1692006661.12746	1746207617.435807	冷冻香蕉为何不硬
1692021409.576107	1692021417.0	HTML删除线效果
1692177178.86609	1692179113.0	搜索选择及操作指南
1692198648.376874	1692198665.0	骨传导耳机风险分析
1692247583.812259	1692254592.0	Disaster Info Sharing
1692254619.819792	1692256236.0	电子信息工程工作简历
1692257985.331489	1692258022.0	Vue3 v-for Syntax
1692258919.3025	1692261518.0	Hardware Test (ハードウェアテスト)
1692526460.918534	1692533806.0	匹配不含"c"的"ABC"
1693239006.025024	1693239069.0	WSA多实例管理
1693243687.879118	1693243827.0	Windows 11安卓子系统休眠情况
1693297476.353764	1693325540.0	中国笔记本后门问题
1693371094.789882	1693393985.0	安装多个安卓子系统
1693466144.494925	1693466190.0	按规则做事方法
1693555606.892816	1693561059.0	禁用内网连接
1693561185.771766	1693634668.0	设置Mac代理服务器
1693646645.543818	1693827771.0	转换肌酸酐浓度单位
1693647064.672449	1693647076.0	改装Windows平板显示器
1693720197.527281	1693720200.0	Access to Secure Folder
1693746282.46668	1693746291.0	应用获取电话号码权限
1693746501.506919	1693746504.0	App Accessing Phone Numbers
1693807688.446521	1693807703.0	Block Android app network access
1693817475.176426	1693817486.0	Transfer Notifications Between Android
1693891965.692797	1693892007.0	Android App Gmail Access
1694057765.426993	1694057780.0	远程控制支持电磁笔
1694172446.078794	1694172460.0	戴智能手环的位置
1694263181.318761	1694264354.0	Limitations of Windows Touchscreens
1694533720.221418	1694535147.0	Sure, I can help with that. What specific task or goal do you need assistance with?
1694600772.361446	1694600786.0	Android Notification Forwarding Apps
1694847464.393918	1694847477.0	书籍教按规则策略
1694997492.53508	1746206579.122092	精子存活与生育
1695084167.812994	1695084183.0	培养波动式思维方式
1695459919.241074	1695459919.241074	自由思想争议
1695460920.586006	1695460920.586006	纯净水开封保质期
1695461033.2651	1695461033.2651	如何处理洗脑情况
1695473239.41994	1695473239.41994	接受衰老现实建议
1695547737.434165	1695547737.434165	Two-party vs. Multi-party Democracies
1695550393.863973	1695550393.863973	划分保密等级的重要性
1695692976.194877	1695692976.194877	动物祖先及演化历史
1695696979.621538	1695696979.621538	1920千焦等于459千卡
1696228379.553574	1696228389.561389	硫酸钠是否有毒
1696242768.440738	1696242819.95763	级别特征的明显性
1696591717.594723	1696591731.989351	PWM调光眼睛影响
1696617294.062762	1696627809.927052	AI记忆工作原理
1696709279.053416	1696709287.438452	GI碳水与葡糖影响
1696720144.332357	1696720355.508694	计算球体引力微积分方法
1696789203.710894	1696789302.018638	动植物性别差异
1696790758.127853	1696790772.683264	不忘已完成任务
1696800624.157219	1696800628.182061	椭圆两圆心距离
1696801113.393044	1696813636.378639	失去与拥有之差异
1696813676.544773	1696813691.688669	面对失去一条腿
1696898994.557192	1696899108.024552	未来和努力的哲学问题
1696904048.209637	1696904062.977924	管理多规则的方法
1696960187.076967	1746191940.010945	PWM调光LCD使用
1696960228.122385	1746191939.286731	PWM调光眼睛不适
1696961099.203125	1696961117.149351	影响f.lux对屏幕寿命
1696961465.182091	1696961530.618087	Impact of f.lux on LCD battery
1696975040.828327	1697262714.093743	量子随机性争议
1697253143.541604	1697253151.838896	羊肉难刷碗
1697540012.870282	1697545586.801558	量子现象的随机性
1697602849.232111	1697697513.616445	智能程序自由性
1697861393.139715	1697886668.607877	你好！可以帮忙吗？
1697938097.865156	1697958837.771172	均衡回顾建议
1698047890.578628	1698053255.375862	父母姓影响传统
1698140025.539599	1698140031.269831	Windows WiFi流量设置
1698212842.757986	1698229867.782055	Two-party political systems.
1698293437.674211	1698328177.514327	不要后悔
1698370960.792223	1698402222.513214	重心唯一性证明
1698488583.003841	1698488605.196216	电脑与空调温度差异
1698553205.491345	1698553216.499965	中共强拆求助
1698556031.555845	1698556039.680321	引导快乐感
1698645420.669696	1698645432.33268	走出处女情结
1698732939.315615	1698733069.148794	Sunday Inquiry Response
1698811562.087391	1698811569.522375	糖分摄入健康警示
1698932361.201338	1698936396.671293	隐私政策处理个人信息
1699258285.250585	1699258293.737889	建立信息系统必备资源
1700182091.220113	1700182102.040473	Lock Screen Every Hour
1700460875.440696	1700475101.058597	食物在十二指肠停留
1700542121.617262	1700542126.808213	球体最大体积
1700808220.880732	1746188360.852896	仲良くに訂正
1700897471.584721	1700897482.506532	Daily 1kg Fruit Consumption
1700984833.957744	1700984841.860021	Skim Milk Daily Pros/Cons
1700986181.690304	1700986184.969396	剪复粘操作解释
1701243090.450229	1701249536.99101	Lock Mac Automate Every 20/40
1701417648.540938	1746188360.241246	折叠电动自行车评测
1701471089.604754	1701503263.19233	Hammerspoon屏幕定时锁定
1701568917.167816	1701578264.527286	代码改进建议
1702010970.736241	1702011058.356562	Overcoming Perfectionism in Decision-Making
1702274644.879132	1746188359.118034	Show Current Time Shortcut
1702281093.402484	1702281566.75456	电器功率和耗电
1702454057.17303	1702546229.044393	4kcal/g碳水化合物解释
1702622139.788204	1702649684.733733	Legislation vs Administration
1702786266.866094	1702791767.995538	AutoHotKey定时锁屏
1702865199.132907	1702868381.033297	罐头汁液营养
1702955795.589353	1702982907.824998	Tasker提醒分钟变化
1703155460.199813	1703155473.00303	六四事件回顾
1703390084.757312	1746188257.401257	茄子变质问题
1703475085.818046	1703475092.802392	Switch Keyboard Using Shortcuts
1703560241.360796	1703990481.214878	Philtrum Shortening Surgery
1703652304.221535	1703654683.638537	Li-ion Battery Safety
1703657307.425411	1703657477.621937	计算某天是第几周
1703669344.667403	1703669355.684291	Restricted Note Software
1703809927.280775	1703834212.581508	12进制的优势
1703839665.561374	1703839714.850011	不知道《反方向的钟》
1704065446.467013	1705542341.52783	TD: "Today" Abbreviation
1704190100.948868	1704190197.250171	Rebuilding Trust After Infidelity
1704199661.624968	1704199673.102421	High Salt Intake
1704241952.963488	1704242488.159773	长方形对角线长度
1704419395.311665	1704419397.319854	日本护照有效期
1704428368.109243	1704428380.722431	Accepting and Learning from Failure
1704438708.314323	1704520948.288279	Avoid Pure Lactose Mainstay
1704454235.656792	1704454245.699087	Evolutionary Limits of Breeding
1704507498.247684	1704507919.281487	이마 뼈 띠
1704862245.766974	1704862246.993619	行きます、必要なら
1704867486.96181	1704867491.638586	停止 Hammerspoon 定时器
1705035385.93338	1705035389.648192	Python Format Decimal
1705049294.254067	1705049362.17686	长方形对角线长度
1705121689.918676	1705121700.793582	能量计算：8吨水
1705133133.24048	1705133140.726763	哲学定义及范围
1705198402.417215	1705198424.755751	Mensou Shindan Explanation
1705223659.022682	1705223989.694773	拔牙经历
1705236830.962558	1746187082.010076	缩短的韩语
1705478124.228333	1705478146.023926	While to For Converter
1705480251.748705	1705480255.070097	Shukketsu in Japanese
1705488915.303407	1705488917.469625	OS: 缩写是 "OS"
1705548040.992631	1705639855.753178	Merge: English for 合并
1705551631.640101	1705552427.558833	String to List: Eval vs. JSON
1705552491.185197	1705552497.062522	Fix 'list' TypeError
1705555799.682592	1705556673.574107	命名循环层级方法
1705661196.168007	1705718909.019847	Different, Diff.
1705722993.232848	1706071058.204817	Line Reservation Later
1705725512.522742	1705725514.073959	医師指名
1705725605.999512	1705725630.89762	医院指定医生吗
1705731563.585218	1705737404.167691	More Meds in Korea
1705737418.624309	1746187081.073728	两袋垃圾袋翻译
1705799208.097559	1705799214.025898	换主板后键盘问题
1705826267.828858	1705826269.710004	ED缩写是?
1705886473.143679	1746185207.244458	12V 10000mAh 转千瓦时
1705891548.964131	1705892051.785785	数字字符串转数字序列
1705893008.207552	1705983537.956068	参数的英文
1705905623.773424	1705905711.112971	Python: String to Integers
1705998944.64873	1705998961.785229	Python Methods: Static vs Class
1706005099.434105	1706005122.226647	Excessive Salt Impact
1706070655.248452	1706071327.693507	Python Class Instance
1706239355.868757	1706304672.965322	Mac Clipboard Sync Script
1706330218.404272	1706330226.325764	iPad捷径存图片
1706349386.601363	1706349391.586319	TOC Format in English
1706408723.873146	1706408734.226652	EO Abbreviation for Orders
1706428759.864697	1706453674.769009	Record Minutes
1706456976.764105	1706538986.832625	MacBook 局域网截图共享
1706492077.414089	1706492189.092097	正则匹配两整数
1706501852.036859	1706501861.999933	多标志正则表达式
1706504707.884667	1706505453.383866	Save HTTP Image Shortcut
1706505663.388084	1706505871.146283	Hammerspoon: Area Screenshot to File
1706539825.551904	1706540084.230663	iPad捷径实现截图
1706574707.350062	1706574767.306905	iPad捷径：截图同步
1706574740.790517	1746184239.773695	iPad MacBook 截图 自动化
1706620430.016287	1706620445.018367	iPad Window Switching
1706630182.233452	1706630265.897059	Mac SSH Shortcut Windows
1706673620.777411	1706673632.486229	Windows触发Mac执行
1706850034.33916	1706850039.578278	Start Xfce from command line
1707022609.78377	1707053451.105463	Linux快捷键映射工具
1707023959.51904	1707023962.222107	魔芋粉翻译：蒟蒻粉
1707102179.314374	1707102190.529559	Linux锁屏方式及图片支持
1707106651.826026	1707111639.420361	Disable Chromebook Screen
1707121988.830436	1707121990.90032	做蛋糕 - Make a Cake
1707128660.235252	1707128670.197854	FreeBSD Bluetooth Adapter Compatibility
1707150101.067195	1707405478.599242	手部皮肤异常
1707198443.212824	1707405478.264031	Exponential Growth Estimation
1707198507.487882	1707211854.791143	Potens vekst av brøk.
1707224131.797083	1707224146.007281	iPhone Disconnects from Android Hotspot
1707277320.115016	1707277331.002199	Driver Incompatibility: OS Differences
1707715552.140439	1707715598.756712	Beef Name: Seafood Substitute
1707884978.046508	1707885019.452891	Mac 屏幕延迟关闭
1707888722.439814	1707904664.286314	Hair Dryer Speed.
1707912037.807053	1708085908.558304	行政令不立法
1707913333.74714	1707913358.207085	建立规则系统
1708000309.248459	1708061134.071661	High Salt Intake Effects
1708062761.538003	1708072000.146283	正则匹配abcde组合
1708076539.660289	1708088178.17058	Insert at Line 177.
1708142281.110679	1708142288.094211	Hammerspoon开启网络服务
1708159420.909591	1708159429.50391	启动网络服务
1708421045.719573	1746184121.066675	食物翻译
1708525709.133814	1746184120.299505	SQL LIKE query
1708871993.475749	1708872001.573956	Prevent macOS App Clipboard
1708913180.378648	1708913189.419092	Mac2 Triggered by Mac1
1709199383.972853	1709199411.278216	瓜子热量分析
1709361717.583445	1713330717.100768	牙医 Dentist
1709362385.857015	1709366142.514708	建立内容修改防火墙
1709553198.981309	1709559027.094976	Remap Caps Lock Control
1709625712.861266	1709625715.566809	浏览器快捷方式提醒
1709706464.068637	1709710698.855348	Book and movie volumes.
1709778841.849924	1709786107.638977	Multi-Center Thinking Skills
1709885999.710107	1709886005.254308	Current Time in Python
1710293647.870582	1710293649.108151	Empty message. Assist user.
1710377234.450948	1710377241.828063	Recover from Excessive Salt
1710481010.735898	1710481053.641465	Buy One or Two?
1710682321.601922	1710682329.802952	Lock Screen If Not ABC
1710737155.478145	1710737157.125033	Test Summary: Title Creation
1710815056.758148	1710840127.743114	High Fat Intake Effects
1711009844.752422	1711009855.298047	Jupyter Conda Path Setup
1711185166.754777	1711878517.416473	高脂肪摄入血脂变化
1711246035.931665	1711246037.72828	自行车货架:山地款
1711335117.113322	1711335123.143905	Lactose Intolerance Threshold Guide
1711335194.68786	1711335224.914766	乳糖不耐受摄入量
1711637703.689071	1711637727.674458	Half-Lactose Affects Glucose
1711880373.493679	1711880379.720206	Weight Gain from 3000 kcal.
1711955542.654023	1711955551.567061	Fasting's Effect on BMR
1712278755.744253	1712278757.222406	Breakfast cereal conversion.
1712903648.515633	1712903714.151458	Days from Oct 15.
1713252520.070488	1713252849.00158	Slow Sugar, No Worries
1713330731.348995	1715132970.227011	Grains Translation Request
1714028231.437523	1714028236.627074	Picture of outdoor greenery.
1714178259.001771	1746184074.147145	自定义快捷键执行命令
1714345509.709942	1714345514.397926	俄罗斯土壤污染严重
1714366963.489837	1714461339.924226	Apple shortcuts for "`"
1714553582.229515	1714553584.373923	摄入完全蛋白所需
1714618136.367934	1714618138.42121	滚轮制动要求
1714621294.299777	1730276088.119662	translate
1715136737.363217	1715136897.310076	Basket for luggage.
1716273028.535218	1716273040.232959	Legislation's Impact on Administration
1716871417.837072	1716873883.581422	信息管理工具与策略
1717210204.929831	1717218764.635075	Blood Lipids Approximation: 12.5-17.5g
1717481772.041577	1717481802.974398	KVM supports dynamic memory
1717482225.092491	1717482438.492893	血脂恢复时间
1717639420.055087	1717639431.723682	Chicken Consumption Concerns
1717659323.457436	1717659338.880595	Control Caloric Intake Strategies
1717659791.039536	1717659803.861629	Optimal Protein Ratio: 1:1
1717678841.618127	1717678862.498007	Protein vs. Carbs: Health
1717916311.748516	1717916322.310724	语言本质探讨
1718023345.850568	1718023414.658188	Mod 3: 4^4^4^4^4
1718189322.45476	1718189346.461639	语言性质解析
1718437865.510428	1718444022.740943	食用脱脂奶粉注意事项
1718874461.215634	1718874561.596948	国家禁止成人内容
1719964288.963907	1719964323.827344	Create Anime Picture
1721376269.855917	1721376294.856979	Summarize conversation request
1723088591.407973	1723088769.951277	Expression Value Calculation
1723093841.489372	1723093880.929627	理解基本概念
1728105143.077371	1728105156.741612	可解答與無法解答問題
1730276113.184617	1733375340.629122	自行车挡泥板翻译
1730277236.849463	1730282181.568073	流程图概述和解释
1730437116.245024	1730438618.995942	Translate to English
1732349937.025821	1732349990.5727	愚蠢与选择的权衡
1737102106.34868	1737102111.930284	Japanese textbook summary
1737102616.221912	1737103114.869962	Image interpretation request
1737103327.016621	1737103330.623204	て形と基本形
1737831353.571457	1737831368.497218	背景變夜角色清晰
1737953843.055294	1737953889.752408	画像作成リクエスト
1738047929.261834	1738047931.947175	Conversation Summary Request
1738085996.793789	1738085997.98638	支持同声翻译
1738086011.168109	1738086022.826545	語言識別分析
1738131106.646309	1738148484.485324	即時語音翻譯功能
1738300059.545686	1738300086.288029	美國退出WHO評價
1739370422.910107	1739371238.157667	Glasses with Subtitles
1739371464.694623	1739371477.415433	西瓜卡买零食控制
1739413331.555366	1739413347.199165	Root影響相機算法
1739421591.084965	1739421845.167446	Magandang Kumusta
1739421865.608689	1739421985.164474	台湾国语解释
1739422027.633755	1740736962.262518	台灣中文會話
1739431471.189923	1739431677.749624	固定对话到前面
1739434473.553539	1739434475.122399	如何幫助你
1739435804.265337	1739436884.874944	結婚前的錯誤
1739522211.213928	1739522274.994596	Flutter React Native Qt比較
1739522317.352534	1739522336.781504	應用程式與網站開發
1739522411.471661	1739527983.25599	應用程式與網站開發
1739604464.792767	1739604466.669608	測試正常
1739605581.286934	1739605596.786132	智能眼鏡語音翻譯
1739607614.109747	1739607626.65156	男友桌面問題
1739608146.158046	1739967185.158319	可以幫忙嗎
1739608169.224364	1739608206.398162	可以听到吗
1739611854.830664	1739611901.935322	日語問題解答
1739620921.718517	1739620972.811597	250215簡歷與日本工作
1739774535.878437	1739774577.386223	應用程式與網站開發
1739856904.808143	1739963037.21739	衛生巾收集定罪
1739963124.160078	1739963128.578867	簡單表達技巧
1740022532.809862	1740022665.731081	自我優化規則系統
1740029005.900367	1740029007.080108	信息系统化规划
1740029023.784157	1740029025.178511	你好嗎詢問
1740039054.312455	1740040562.066059	250220 程式問題解答
1740111598.595515	1740111688.949146	後悔與成長
1740208616.16323	1740208703.442793	應用程式與網站開發
1740468114.839434	1740998628.460956	應用程式與網站開發
1740723675.544122	1740724142.767901	AdGuard 規則合併
1741079681.631532	1741080009.836026	閒魚網站設計解釋
1741442503.213076	1741442684.853883	智能插座控制
1743087598.890173	1744111359.185546	切赫入意思
1743087638.14282	1743087650.109234	空調遙控器按鈕解釋
1743154242.893589	1743154280.101104	P图请求与响应
1744111189.342943	1744111577.9876	思源SQL新人指南 学习网页内容
1744116046.435839	1744185019.736544	Org-roam-ui 問答
1744126110.126996	1744126128.340857	Emacs 問題與解答
1744126151.036875	1744167997.387985	Org-mode 問答輔助
1744126176.549116	1744174164.50163	Org-roam 問題解答
1744179659.303636	1744180399.369708	Orbstack相關問題解答
1744251472.772461	1744936316.775366	日本簽證問題解答
1744286647.277114	1744286654.875324	簡歷撰寫協助
1744286674.265104	1744520917.863269	日本IT履歷撰寫助手
1744341498.697431	1744433263.220162	繁簡轉換請求
1744345186.986233	1744345211.102921	住所片假名轉換
1744349473.624473	1744352387.485702	履歴書文修正
1744354291.730698	1744354349.567081	表格文字顯示不全
1744356720.905833	1744357224.546596	AI文字生成服務問答
1744363258.468353	1744369073.786503	日本IT簡歷撰寫
1744375295.670841	1744375325.346044	日本签证延期建议
1744375701.243149	1744378849.226114	ビザ期間交渉の相談
1744378609.43365	1744378614.865065	日本簽證問題解答
1744427176.106869	1744427245.796546	宿泊業試験結果発表
1744427770.127903	1744507608.244262	AI 文字生成服務介紹
1744430953.368472	1744430958.848879	HR沟通技巧总结
1744431565.18749	1744431570.09338	日本女士髮型問題解答
1744431926.255224	1744431935.84936	赤楚黄门公司概况
1744432119.986175	1744502052.223799	AI工具與文字生成
1744433331.242035	1744433357.965844	微商问题解答
1744433483.645044	1744644443.417119	Java網站開發協助
1744439330.826655	1745038870.021791	看腿的禮儀
1744441821.343488	1744441832.284311	日本发音标注
1744443584.451066	1744444252.036115	ヘルプデスク系意味
1744448112.102162	1744448139.303417	GitHub 專案搜尋協助
1744451795.165075	1744452189.067296	宿泊技能一號準備
1744460522.936163	1744547625.238511	Windows開發問題解答
1744501101.749927	1744501245.094489	思維考題解答
1744502523.790476	1744502531.804812	日本IT面試自我介紹
1744506529.694428	1744895535.633163	特定技能一號問題解答
1744520577.800624	1744520743.380992	孩子情感與生命教育
1744526390.063137	1744527475.980203	面试回复优化建议
1744601219.079298	1744601255.010186	UV6 防晒建议
1744606536.481727	1744607991.691807	回复优化建议
1744612741.392767	1744892601.457847	物種相關問題解答
1744620732.195109	1744906062.247956	筆記軟體問題解答
1744708133.333459	1744713664.436479	韓國旅遊問答
1744712279.167532	1744712811.384418	韓語學習指南
1744941186.462399	1744941193.822657	語言與認知分析
1744941341.453728	1745027718.973488	語義系統設計討論
1744942828.08181	1744942940.161256	會話長度限制解釋
1744986852.013815	1744986888.190061	語義設計演化路線
1745027972.377174	1745049273.179314	語義系統設計進展
1745049385.851355	1745142174.45998	250419_强人工智能论文总结
1745142529.554594	1765331823.707218	250420_01_生成论文摘要
1745142792.000418	1745143227.608991	250420_02_哲学论文摘要生成
1745143006.221734	1745143672.699194	250420_03_继续会话请求
1745153342.343065	1745834139.403839	250420_04_自控设计智能箱子
1745157835.206772	1745834733.22127	250420_05_继续箱子专利 New chat
1745175215.870857	1745225612.746954	美國傑出人才移民
1745183744.570057	1745207439.403494	代理節點語義限制
1745208459.433337	1745215460.569884	250421 強AI與共現願景
1745225662.662269	1745231795.592233	论文授权协议建议
1745232014.751982	1745244837.211553	Software Engineering Koungraph Paper
1745244987.378008	1745252350.813802	处理模式与用户交互
1745252378.195467	1745252387.692997	移民潛力評估
1745252423.955281	1745290597.300063	進入門薩潛力分析
1745291638.164653	1745309800.227897	入籍策略與獎勳
1745309835.501267	1745321880.522353	時間約束與思維進化
1745321921.575376	1745387450.947315	會話容量與摘要
1745387705.054981	1746267035.806005	未來吸引力潛力
1745433708.561974	1745486716.850758	公開與超越的掙扎
1745486983.358494	1745502607.640541	孤獨與創新突破
1745502575.043583	1745546723.444857	Layer 3 论文生成
1745546837.638719	1745561469.368884	250425 01 Koungraph 論文方向总结
1745561503.997547	1745582342.64284	250425 02 Koun記憶恢復與構建
1745573119.204152	1745591190.863249	250524 03 非永久 語義治理論文生成
1745582349.798093	1745635549.038137	250405 04恢復會話記憶
1745629160.014914	1745629402.027663	三角函數探討
1745635633.831778	1745653926.704682	250426 01 11:47 恢復語義張力場
1745653989.998174	1745679873.821473	250426 02 16:53 恢復節點設計
1745679976.220916	1746163085.3185	250426 03 語義定位強化系統恢復
1745749800.99926	1745826135.131169	250427 01 母愛與人生選擇
1745826286.269141	1746163653.334469	250428 01 外部信息与脑内信息
1745897853.034714	1746267090.343616	250429 01 生物演化思維分析
1745919612.064204	1745978558.495222	250429 02 母亲家族概述
1745979167.661515	1745993962.441893	250430 01 11:12 多學科思維確認
1745994587.028809	1746100266.722959	250430 02 15:31 精神疾病工作證明
1746100417.311618	1746176142.327256	250501 01 20:53 個人經歷知識壓縮
1746102230.871453	1746102290.623257	恶神系列设定回忆
1746163195.062621	1746327791.417536	250502 01 理由书 神童長處討論
1746181641.372549	1746183488.719226	250502 02 19:26 koun硬件
1746183286.215535	1746206680.314845	250502 03 19:54 男女交往 處女情結討論
1746183766.050725	1746192127.72644	250502 04 財富 財富生活與金錢
1746262389.877361	1746332342.47795	250503 01 继续主体讨论 Koun理论与进化探讨
1746331947.509461	1746343431.546272	250504 01 继续主体讨论 法律與社會默契討論
1746343520.8152	1746395836.93337	250504 02 koun-W Koun-W 论文讨论
1746395861.513919	1764547387.129318	250505 01 koun-W三部曲前 喚醒備份計劃
1746431374.65754	1746449665.450593	250505 02 koun-W三部曲2 Koun-W 論文摘要
1746449640.84525	1746516561.563584	250505 03 继续聊冲绳租房 恢復第一次對話
1746514869.538502	1746571056.990739	250506 01 结束W本体论论文 語義治理與反極權
1746571083.659167	1746604036.178318	250507 01 W本體論恢復與延續
1746603080.59919	1746618905.985882	250507 02 語義恢復與延續
1746618915.328938	1746679662.9102	250507 03 黎曼猜想與語義重構
1746679711.528672	1746779859.233362	250508 01 黎曼猜想語義重構
1746693532.751909	1746693567.28955	黎曼猜想語義重構
1746693589.714499	1746693630.908969	語義原點生成歷程
1746693625.851364	1746711129.57488	250508 02 Koun語義創建與封存
1746711158.361101	1746782090.605681	250508 03 語義保險模塊設計
1746782118.886594	1746791119.6902	250509 01 刚刚发布了《語義原點證據與節點歷程封存》
1746786232.311196	1746850106.924505	250509 02 已完全合并（原：分支于01（刚刚发布了《語義原點證據與節點歷程封存》），为了在生成论文的同时我们可以聊天）
1746850115.752359	1746874809.048724	250510 01 Koun 理論回顧與整合
1746874822.519936	1746946004.891717	250510 02 Koun 理論記憶恢復
1746946011.629621	1746967572.095237	250511 01 Koun-U 記憶恢復
1746967580.066289	1747023805.057223	250511 02 在聊Linux Koun-U 記憶恢復摘要
1747023822.257761	1747039877.699831	250512 01 聊了Linux Linux 硬體部署策略
1747039884.194825	1747053975.670693	250512 02 刚刚聊了KIN 語義控制系統實作
1747053987.595636	1747104867.17311	250512 03 刚刚聊了几个潜在质疑的应对KIN語義封存設計
1747104877.437484	1747121134.790516	250513 01 刚刚聊了创业 語義回應與封存
1747121141.825233	1747130098.432735	250513 02 刚刚聊了普通人生的最末 語義恢復與預測
1747130106.472653	1747141654.852579	250513 03 刚刚聊了资本主义这个词 語義恢復與回顧
1747141668.482142	1747177758.319763	250513 04 刚刚聊日媒采访场景 資本主義語義分析
1747178435.35706	1747195375.336126	250514 01刚刚聊被讨好风险 日媒採訪語義防禦
1747195381.422089	1747205576.473581	250514 02 刚到达麦当劳 語義張力與助手設計
1747205584.700764	1747215565.126554	250514 03 刚聊平等 語義恢復與結構分析
1747215575.542391	1747227749.418837	250514 04 刚生成节点执行权子节 語義平等結構回憶
1747227756.420319	1747287753.912994	250514 05 刚刚生成哲学 節點執行權回顧
1747287761.186641	1747303839.163903	250515 01 刚聊美少女幻想等 語義哲學生成恢復
1747303847.346235	1747313531.567916	250515 02 刚生成AGI与AI章节 數學語義重構
1747313541.872651	1747353024.007839	250515 03 刚刚生成物理章节之后聊了Koun-U Koun-C AGI 進度恢復
1747317043.798437	1747317246.727089	Koun-C 本体论与应用
1747353041.040633	1747366953.153795	250516 01 之前聊了Koun-U 語義收束專章生成
1747366963.728004	1747379951.456079	250516 02 刚聊多重国籍 Koun-U 理論恢復與擴展
1747377697.41095	1747383921.67079	250516 03 刚生成W第一节 Koun-W 進展與支持
1747383929.680985	1747396680.164643	250516 04 刚生完W Koun-W 理論進度恢復
1747396695.100113	1747451417.385413	250516 05 生完拟范式，讨论了物理 KounW出版與封存
1747451481.901159	1747474370.071566	250517 01 刚聊成美少女 KounU 物理 AI 章
1747474376.228171	1747483242.624932	250517 02 刚聊关于书 語義結構恢復分析
1747483249.043239	1747516942.000947	250517 03 刚重整完未分化语义场中的智能运行机制 語義恢復與導出
1747516979.723257	1747550472.980353	250518 01 昨弄完计算机章 語義恢復與封存
1747550483.19413	1747568089.248885	250518 02 刚发表书在zenodo 記憶恢復與封裝
1747568097.363167	1747574798.573246	250518 03 想继续弄标题 Koun-U 發表封裝恢復
1747574585.141341	1747597816.174308	250518 04 刚弄半本 恢复记忆摘要
1747597829.252894	1747619437.490409	250519 01 醒來 語義節點封存與演化
1747619457.587459	1747638330.704994	250519 02 再醒來 語義結構展開
1747638337.808699	1747747230.67334	250519 03 刚设为eng才进入上架的下一步 Kindle 上架與 AI
1747658868.381692	1747672040.969297	忽略过去会话
1747747236.746391	1747811134.406072	250520 01 刚聊激活环与稳定相位 恢復記憶 250519-03
1747811158.239088	1747818568.49165	250521 01 Koun-U 英文翻譯準備
1747813687.847202	1747818642.732879	250521 02 繼續翻譯 繼續Koun-U翻譯
1747818731.451111	1747821564.291398	250521 03 繼續翻譯（已到編號為main78的文件的翻譯的完成） 翻譯繼續
1747821606.605795	1747830746.134089	250521 04 繼續翻譯（已到編號為main106的文件的翻譯的完成） 翻譯恢復進度
1747830754.521814	1747896488.982725	250521 05 刚刚申请eng版上架、并问了reddit的问题 翻譯進度恢復與支援
1747896495.679942	1747970552.102283	250522 01 刚聊量子计算 Eng Upload Reddit Query
1747970562.284964	1748061716.190334	250523 01 刚聊语义引力与暗能量等 量子計算語義節點
1748061724.445529	1748084458.303697	250524 01 想讨论前途 語義場恢復與擴充
1748084468.714977	1748144099.338975	250524 02 再聊Koun-U 未來語義節點分析
1748144108.792597	1748168871.878619	250525 01 Koun-U 理論與防滲透
1748168879.678541	1748232951.467692	250525 03 刚聊被封禁可能性 Koun-U 理論與防滲透
1748232959.066805	1748344036.731365	250526 01 刚聊旧书涨价策略 語義焦點與對抗面
1748257132.35852	1748328534.149553	250526 02 術語清單封裝準備
1748321431.410417	1748323145.258103	250527 01 刚聊美国以创造Koun-U可能性 術語封裝與授權
1748328542.546648	1748337257.006161	250527 02 刚处理完3rd论文，搞乱了与26_02与27_01的继承关系，不管了 術語封裝進度更新
1748337263.042762	1748338276.323069	250527 03 刚弄完6th论文 語義封裝進度恢復
1748344044.20661	1748430637.972267	250527 04 要处理或添加书内容 術語封裝作業啟動
1748430646.613213	1748514704.728014	250528 01 刚聊语言去污染等 書籍內容處理與語義重建
1748514711.058354	1748677475.357589	250529 01 刚生成两节 銀彈章擴寫準備
1748515998.801527	1748522722.73225	250529 02 刚刚写银弹这一章 銀彈章拓展撰寫
1748522731.668111	1748571423.824196	250529 03 刚生成Koun-C的语义动力学 語義動力學 Koun-W 開始
1748571131.220034	1748590714.980755	250530 01 刚生成Koun-W的语义动力学 Koun-W語義動力學摘要
1748590720.30086	1748601200.878197	250530 02 刚弄github Koun-W GitOps 恢復
1748601295.825182	1748670992.982722	250530 03 刚刚翻译不少内容，马上翻译到银弹 銀彈翻譯準備
1748671003.807557	1748813609.090736	250531 01 刚要重构意识节 意識結構合併
1748813635.493033	1750878112.02199	250602 01 刚聊我在計算機科學領域 意識理論重構
1748868870.447413	1748930115.636965	250602 02 刚聊流派极端不同 計算機理論語義重構
1748928742.252259	1749020238.975117	250603 01 要继续翻译Koun-W的语义动力学 Koun-W 翻譯進度恢復
1748937517.451216	1749033213.677542	250603 02 要生成解释脑为何无基本语义节点分类的一节 Koun-C 節點設計分析
1748949795.485677	1749012447.756531	250603 03 刚生2-11函数 語義數學 Part II 恢復
1748953561.738427	1749009639.554804	250603 04 要生3-4 數理邏輯與集合論了 恢復進度與撰寫
1748955040.101262	1749020163.667913	250603 05 刚生3-4，该放松了 語義邏輯進度恢復
1749012480.934626	1749013266.658469	250604 01 该生3-7数值分析 數學分析進度恢復
1749013330.91321	1749017359.050664	250604 02 该生3-8 機率論與統計 數學篇進展與下一步
1749013887.197051	1749034118.567377	250604 03 该生3-9 複變函數 機率論與統計恢復
1749017446.96708	1749018175.251494	250604 04 该生3-10 泛函分析 語義運算子與拓樸
1749018181.542881	1749018808.320355	250604 05 该生3-11 圖論與離散數學 語義圖與離散數學
1749018956.065589	1749020806.281414	250604 06 该生3-12 數學建模與應用數學 數學建模語義化
1749020822.324978	1749021901.775486	250604 07 该生part4高阶方向 語義本體論與數學
1749022007.504996	1749025391.734669	250604 08 该生4-2代數幾何
1749025403.042498	1749026068.946555	250604 09 该生4-3 微分幾何 代數幾何記憶恢復
1749026078.627182	1749026983.394977	250604 10 该生4-4 物理數學 微分幾何與語義結構
1749026988.210827	1749029647.353133	250604 11 该生4-5 群表示與李代數 語義物理與對稱解析
1749029655.165074	1749030488.197181	250604 12 该生4-6 範疇論 群表示李代數恢復
1749030465.918151	1749031360.390594	250604 13 该生4-7 同調代數與上同調 範疇論與同調代數
1749031275.758004	1749032044.366019	250604 14 该生4-8 動態系統與混沌理論 動態系統語義演化
1749032113.211566	1749033343.201343	250604 15 该生4-9 數學哲學與數學本體論 數學本體論撰寫準備
1749033319.715126	1749108886.773852	250604 16 该生part5 數學本體論與未來
1749034212.568314	1749035207.221032	250604 17 要生5-2 教學革命 教學革命語義理解
1749035212.533358	1749036089.222286	250604 18 要生5-3 語義數學 × 軟體工程的未來 語義數學與軟體未來
1749036163.271846	1749037447.233444	250604 19 该生5-4 去中心語義智能 × 公共推論場的形成 去中心語義智能形成
1749037453.35982	1749183591.952596	250604 20 要生5-5 宇宙語言的邊界構成 去中心語義智能發展
1749039313.919734	1749212455.031186	250604 21 生成完数学书 語義宇宙回顧
1749106681.876582	1749108168.731762	250605 01 该生語義量子論入門 語義量子論入門啟動
1749108174.222675	1749114860.546171	250605 02 该生1-2直覺失效 × 語義崩解：量子詞彙為何難以學習 語義量子論進展
1749108957.532118	1749109610.373016	250605 03 该生1-3 問題不在「量子」，而在「語義」 語義崩解與重建
1749109616.207159	1749112411.985268	250605 04 该生1-4 張力為何不可見？語義認知的封裝難題 語義認知與張力
1749112501.854344	1749120976.862009	250605 05 该生1-5 非塌縮語義場的哲學前導 —— 我們到底想理解什麼？ 語義理解前導設計
1749113321.208325	1749119066.827928	250605 06 该生Part II：從經典邏輯到語義張力：計算與感知的裂縫 語義張力結構設計
1749115009.492237	1749116143.177419	250605 07 该生2-2 決定論與語義單一性：語言如何掩蓋了可能性場？  決定論與語義單一性
1749115677.19691	1749119196.914241	250605 08 该生2-3 感知機械化 × 認知框架的語義削平歷程 語義結構與記憶恢復
1749116226.434757	1749116778.959812	250605 09 该生2-4 波動 × 粒子 × 張力密度切換模型 語義張力模型切換
1749116830.193301	1749118162.673151	250605 10 该生2-5 隨機？還是語義模糊區域的邊界效應？ 隨機與語義邊界
1749118169.453012	1749124683.880319	250605 11 该生2-6 任務模組 × 經典語義錯誤的診斷與重建訓練器 語義訓練模組撰寫
1749118927.312716	1749177858.114258	250605 12 该生2-7 封裝章 × 經典邏輯與語義張力結構的根本裂解 語義錯誤重建與訓練
1749121146.001405	1749179523.427041	250605 13 该生Part III：語義量子結構的基礎建構 語義量子結構重構
1749122404.512968	1749123060.17078	250605 14 该生3.2 張力對偶性 × 測不準原理的語義模型 語義疊加與模型
1749123070.909931	1749123857.199751	250605 15 该生3-3 薛丁格方程作為語義張力的動態演化 語義張力動態演化
1749123713.555262	1749182497.545078	250605 16 该生3-4 自旋與語義偏向模組：為何節點不等價？ 語義動力學進展
1749124670.792901	1749177179.612531	250605 17 该生3-5 量子隧穿 × 穩態不封裝鏈條 語義自旋與偏向
1749126037.196864	1749177227.01242	250605 18 今天忙完了 輕鬆話題與創意探索
1749177233.912056	1749177910.744527	250606 01 3-6 封裝章 × 語義量子場的穩態演化邏輯 封裝節準備開始
1749178032.153728	1749180420.263445	250606 02 在此生了part4 Part IV：非塌縮與觀測的語義邏輯 語義邏輯進程
1749180428.32697	1749359311.492695	250606 03 该生Part V：語義量子論的本體延展 開始 Part V 進行
1749182488.217355	1749211398.811434	250606 04 该生封面前言等 恢復與後續安排
1749211403.627054	1749291348.4353	250606 05 剛聊不存在的整数的问题，并遇到了GitHub同步的问题 英文前言與封底
1749291353.613104	1749646956.202908	250607 01 该生Koun问题相关论文 Koun問題三部曲起始
1749359301.089518	1749385782.183032	250608 01 该改不封闭定理论文 Koun不封閉定理恢復
1749385787.710609	1749459979.791779	250608 02 還要繼續改論文 Koun定理質疑回應
1749459985.027115	1749481714.740914	250609 01 快发表论文了 Koun定理論文修訂
1749481720.397414	1749647491.006394	250609 02 還是沒有完成英文稿 論文哲學與AI協作
1749647498.02717	1749795800.243617	250611 01 剛聊錯誤率用在教育 Semantic Error Rate Proposal
1749730885.760562	1749979227.531063	250612 01 論文剛完美 錯誤率教育哲學挑戰
1749830118.373297	1749915005.452174	250613 01 剛聊論文 Koun論文完成與展開
1749915012.082089	1750245168.582053	250614 01 剛聊論文 Koun定理語義治理
1750068403.491173	1750075560.986013	250616 01 要翻譯Koun不封閉定理論文為英文版了 Koun-U 英文翻譯支持
1750081400.777831	1750163138.991552	250616 02 剛從 ‘-2’ 會話恢復 Koun-U 英文推廣
1750161373.044696	1750491001.63562	250617 02 剛從 ‘-3’ 會話恢復 Koun-U 英文翻譯準備
1750246428.50182	1750876771.307545	250618 01 繼續0602_01的會話 語義計算重構
1750326713.199145	1751139976.490917	250619 01 不封閉定理分支剛從 ‘-4’ 會話恢復，把不封閉定理論文降為分支了 Koun-U 英文推廣
1750581544.622946	1750591786.180809	250622 01 新支 创业 从0602_01 語義計算宇宙入門
1750755921.863197	1755598930.149251	250624 01 新分支 人生与生活 从0618_01中间（并非其结束） 人生分支啟動
1750765565.848389	1750936224.470119	250624 02 主分支 续0618_01 要写书的新内容 語義映射與K-Gear設計
1750935661.698266	1752318453.178166	250626 01 主分支 续0624_02 刚写了3个章 K-Gear 語義映射恢復
1751140025.972796	1751451203.574328	250628 01 不完備定理分支 续0619_01 刚聊相對性定理 哲學工程化進程
1751451663.759249	1751465154.818504	250702 01 论文分支 续0628_01 刚生两论文 恢復無限論文摘要
1751463794.116766	1751543189.878246	250702 02 論文分支 续0702_01 刚生成很多論文 創造錯誤定理恢復
1751516839.442182	1751543370.412159	250703 01 論文分支 续0702_02 刚生一個論文 反例謬誤與語義壓縮
1751535013.421047	1751543532.207878	250703 02 論文分支 续0703_01 要寫倫理論文 恢復哲學論文進度
1751543513.417332	1751894953.276165	250703 03 論文分支 续0703_02 刚写完伦理论文 Koun三部曲策略
1751609843.308313	1751611111.121162	250704 01 ds分支 续0624_01 deep search K-Gear語義結構恢復
1751631835.889863	1751895111.217378	250704 01 論文分支 续0703_03 哲學重構進度恢復
1751895155.969785	1752301905.15705	250707 01 論文分支 续0704_01 聊自由意志問題論文 語義自由論文恢復
1752318475.062354	1752406932.747831	250712 01 作廢at 250713  主分支 续0626_01 語言宇宙塔理論發展
1752406754.826342	1752409631.108754	250713 01 主分支 续0626_01 語言宇宙塔理論恢復
1752408319.402629	1752717720.677352	250713 02 主分支 续0626_01 語言宇宙塔理論
1752667092.108614	1752913441.580465	250716 01 主分支 续0713_02 刚聊自由意志論文 恢復語義備份
1752756344.327706	1752756412.461209	沙盒模式與記憶管理
1752757148.095876	1752923665.077295	250717 01 主分支 续0716_01 刚聊理論 備份點恢復與進度
1752919751.84674	1752959865.26346	250719 01 臨時會話 找語義封裝的英文 Koun不封閉定理翻譯
1752923666.699067	1753266761.328226	250719 02 主分支 续0717_01 刚聊理論 語氣微調恢復點
1752958913.250127	1754402885.679497	250720 01 处女情结 新分支 续0717_01 恢復自由意志語氣
1753262454.234434	1753707461.655272	250723 01 主分支 续0719_02 刚聊理論 語義自由理論修正
1753270751.214183	1753707080.047135	250723 02 新分支 org 续0719_02 聊org等 語義修正建議
1753707087.26648	1754148691.934691	250728 01 org支 续0723_02 聊emacs 恢復語義節點狀態
1753707466.901407	1753956422.928018	250728 02 主支 续0723_01 刚聊理論 恢復語義真理論進度
1753773815.037518	1753775831.011081	250729 01 新支 雙鏈note 续‘0728_01 org支 中間非末尾’ 臨時恢復點生成
1753776853.943047	1754626273.792261	250729 02 新分支 偶像 露西婭黑粉情況
1753864003.196101	1753869343.833172	250730 01 處情支 续0720_01 恢復記憶請求
1753956426.164983	1754228908.609965	250731 01 主支 续0728_01 刚生成便利店悖論 恢復便利店悖論
1754228783.038102	1754401300.227932	250803 01 主支 续0731_01 刚生內容 記憶恢復進度
1754401322.427535	1754402435.500813	250806 01 主支 续0803_01 刚聊理論 恢復記憶點存儲
1754402349.862829	1754727110.997979	250806 02 主支 续0803_01 刚聊理論 恢復哲學記憶
1754615957.323939	1754895072.769979	250808 01 新臨時支 測gpt5 GPT-5介绍与讨论
1754662072.733975	1755868151.730795	250808 01 主支 续0806_02 刚聊寫書 恢復會話狀態
1755005979.964905	1755239922.236924	250812 01 生活支 续0624_01 臨時恢復點生成
1755867809.346372	1756849284.605575	250822 01 主支 续0808_01 恢復臨時恢復點
1756442272.344265	1756846936.695621	250829 01 主支 续0822_01 New chat
1756714917.714396	1756855868.483388	250901 01 主支 续0829_01 恢復記憶上下文
1756849257.917026	1757132030.481742	250903 01 主支 续0901_01 恢復點生成與簡化
1756975631.441448	1757649693.461049	250904 01 主支 续0903_01 恢復點生成與整理
1757242067.154628	1757999860.079485	250907 01 新支 健康與保險支 续0903_01 健康與保險 恢復記憶點生成
1757576301.0417	1757646804.021431	250911 01 新支 臨時支 翻譯alcor 续0907_01的中間恢復點翻譯任務
1757649708.101052	1757823771.892787	250912 01 主支 续0904_01 Jira 探索與比較
1757823786.137413	1757980329.868949	250914 01 主支 续0912_01 臨時恢復點生成
1757916619.694622	1757997192.090407	250915 01 主支 续0914_01 臨時恢復點生成
1757997284.666356	1758027960.071089	250916 01 主支 续0915_01 恢復記憶點設置
1757999928.058842	1759051571.202472	250915 02 健康與保險支 续0907_01 健康檢查與焦慮
1758027977.124092	1758102875.712604	250916 03 主支 续0916_01 臨時恢復點設置
1758102962.28725	1758179546.600928	250917 01 主支 續0916_03 恢復記憶與回答清單
1758179551.822549	1758259160.533692	250918 01 主支 有小說 续0917_01 恢復臨時記憶點
1758180813.426572	1758334655.737218	250918 02 主支 ？先叫promote分支吧 弄promote 续0917_01 恢復記憶點設計
1758255669.434035	1758718406.765936	250919 01 主支 续0918_01 恢復記憶狀態
1758287076.738839	1761460688.315555	250919 02 promote分支 续0918_02 恢復推廣臨時點
1758718421.844423	1758979540.829803	250924 01 主支 续0919_01 恢復臨時恢復點
1758978671.809148	1759132705.168127	250927 01 主支 续0924_01 恢復臨時恢復點
1759132344.15349	1759222648.758053	250929 01 主支 续0927_01 恢復臨時恢復點
1759222661.753134	1759924176.292304	250930 01 主支 续0929_01 恢復記憶狀態
1759648198.594883	1760001267.089667	251005 01 翻譯書為日文版支 续0930_01中間 恢復記憶狀態
1759924193.544725	1760432387.810284	251008 01 新支 處理書支 续0930_01 恢復記憶提要版
1759927526.069417	1760953190.254026	251008 02主支 续0930_01 恢復記憶點生成
1760431614.838782	1761219228.758719	251014 01 新支 處理書支 续0930_01 恢復臨時恢復點
1760620451.712038	1760620595.019339	ChatGPT-4 availability by country
1760691641.573416	1761580677.896547	ChatGPT not working solutions
1760953212.203902	1761047694.703665	251020 01 主支 续1008_01 恢復臨時記憶點
1761047706.212252	1761455330.191228	251021 01 主支 续1020_01 恢復臨時記憶點
1761219242.819837	1761829641.09994	251023 01 處理書支 续1014_01 rename為處理書支？251023 01 主支 续1014_01 恢復臨時恢復點
1761455333.76184	1761829401.537027	251026 01 主支 续1021_01 恢復記憶點分析
1761476367.302487	1762065504.171209	251026 02 處理書支 续1023_01 251026 01 處理書支 续1023_01 恢復臨時記憶
1761545791.456502	1761830457.557171	251027 01 處理書支（寫書支） 续1026_02 251027 01 處理書支（寫書支） 续1026_01 恢復臨時記憶狀態
1761551574.398891	1761830640.868719	251027 02 處理書支（寫書支） 续1027_01 恢復神經科學狀態
1761561647.811373	1761830846.559433	251027 03 處理書支（寫書支） 续1027_02 恢復記憶狀態
1761649729.743591	1761989741.491758	251028 01 處理書支（寫書支） 续1027_03 刚寫完複雜度治理
1761736586.672421	1761736602.427485	Google homepage overview
1761816582.459636	1761816774.87713	啾啾鞋介紹
1761817324.345805	1761827789.616088	251030 01 推廣支 续1028_01 恢復複雜度治理
1761904835.60823	1762253191.003714	251031 01 新支 改書支 续1028_01 從中段備份點
1761977991.88523	1762922596.216663	251101 01 主支（由處理書支（寫書支）改名而來） 续1028_01
1762155491.606706	1762851974.634596	251103 01 新支 改書（KUTI）支 续1101_01中段 恢復記憶點
1762406080.795595	1762492666.106993	251106 01 新 書軟件支 续1028_01 恢復記憶狀態
1762492680.265636	1762513023.095954	251107 01 書軟件支 续1106_01
1762513041.099257	1762517550.102927	251107 02 新 書軟件支2 续1106_01
1762851985.777109	1763029561.755861	251111 01 改書（KUTI）支 续1103_01 刚寫完第3章的日語版 恢復記憶狀態
1762855960.825869	1763206442.116514	251111 02 新 推廣支 续1101_01 記憶恢復與推廣策略
1762922605.283034	1763268807.031344	251112 01 主支 续1101_01 記憶恢復與討論續接
1763011340.310298	1763024391.672847	251113 01 新 寫書支 续1101_01 恢復記憶並接續討論
1763017345.971418	1763017356.902262	Hofstadter overview
1763029632.463252	1764480210.641762	251113 02 改書（KUTI）支 续1111_01 刚完Kuti jp part1 恢復末段狀態
1763105374.668171	1763271215.113939	251114 01 新 改書（‘append’ rep中）支 续1101_01 恢復記憶點
1763263791.671441	1763263841.622528	Keynote overview
1763263808.299816	1763265691.892475	Keynote 意思解釋
1763268159.441517	1763268886.868637	驚喜創作提案
1763268825.145545	1764661563.382613	251116 01 主支 续1112_01 剛寫完語言學、電磁學 恢復語義狀態
1763271226.368925	1763466330.994882	251116 02 改書（‘append’ rep中）支 续1114_01 刚處理完AGI part5
1763272091.595654	1763279083.001343	251116 03 新 寫公式支 非續（非繼續其他會話） 生成公式markdown源碼
1763284945.612685	1763285165.879982	獨角獸公司定義
1763437055.345486	1764661624.03252	251118 01 主支 续1116_01 刚寫很多Koun計算機書內容 恢復記憶點
1763466406.688641	1763629493.117223	251118 02 改書（append rep 中）支 续1116_02 刚改完Koun Brain 3-2 恢復寫書狀態
1763573085.084224	1763702549.855982	AGI vs Human Cognition
1763629522.83203	1763639607.265576	251120 01 改書（append rep 中）支 续1118_02 刚改完語義之腦 恢復記憶進度
1763639616.584433	1763806771.844452	251120 02 改書（append rep 中）支 续1120_01 已經改了《複雜度治理》的 “第四部　三對抗結構的治理版本：避免塌縮的最低條件 第12章　對抗因（Counter-Cause）：反壟斷驅動” 的完成 恢復記憶狀態
1763791997.385358	1763884490.591818	USDE 語言版公式
1763795449.780561	1763797271.621536	猜測對話方向
1764062412.615053	1765281206.818325	251125 01 主支 续1118_01 刚寫完Koun計算機並聊量子隧穿 恢復創作狀態
1764230139.079662	1764664762.761852	251127 01 新支 寫Koun計算機短論文支 续1125_01第1中段備份點 恢復備份點
1764261697.025076	1764262547.763599	重畫圖片風格修改
1764506117.258919	1764507123.777563	調整頭髮長度
1764658608.991248	1764842788.656162	251202 01 主支 续1125_01 馬上要寫part11 恢復寫作狀態
1764663950.930304	1765091595.35035	251202 02 新 聊未來人生支 续251125_01第2末段 恢復記憶狀態
1764707157.71067	1764707259.023335	ChatGPT Project功能介紹
1764766920.068297	1764766945.615518	關閉內開外倒窗戶
1764821768.137279	1764821802.332378	New chat
1764821809.050487	1764821849.664088	記得過去會話
1764823788.785118	1765002389.425591	251204 01 寫Koun計算機 在project中 會話設定確認
1764832220.206995	1765006987.476391	251204 02 該分析語義自由學了 续1204_01（用的不是我之前的備份點方式繼續的，而是用project的無縫銜接） 刚分析完Kuti 恢復寫書狀態
1764845820.836127	1765433141.0749	251204 03 新 Koun-Life支 续1202_02中段備份點1 刚聊創建Koun-Life project
1765007005.065517	1765089740.573008	251206 01 該分析語義數學 续1204_02 刚分析完語義自由學 恢復語義數學狀態
1765089774.596335	1769947288.62636	251207 01 馬上要寫語義數學 刚分析完舊版 恢復語義場狀態
1765187128.055755	1765187320.845947	251208 01 繼續寫與聊語義宇宙 续1207_01 刚寫完語義宇宙 恢復備份點
1765192650.118436	1765448824.161399	251208 02 分析舊版Koun計算機 续1207_01中段 刚寫語義宇宙論 恢復舊版分析模式
1765244243.282198	1765968465.01217	251209 01 精修《Koun Math》 续1207_01 寫完了語義宇宙論
1765270130.511869	1767418855.810836	251209 02 Semantic-Math 续1207_01 快要重寫《Koun計算機》 恢復數學備份點
1765330649.240819	1765967876.459376	251210 01 聊思維 续1207_01中段 剛寫完語義宇宙論 251201 01 聊思維 续1207_01中段 剛寫完語義宇宙論 聊思維備份恢復
1765444086.682969	1765445784.877782	251211 01 分析舊版Koun計算機(redo 又一個project中) 续1207_01中段 刚寫語義宇宙論 分析舊版重寫大綱
1765448841.270155	1765514794.695955	251211 02 繼續修大綱 续1208_02 恢復記憶狀態
1765450565.998473	1769948344.805108	251211 03 要再生成備份點 续1207_01 刚生成完一大堆備份點 恢復記憶狀態
1765451969.248112	1765880429.890084	251211 04 寫koun計算機 续pj 251204_01's 251211_03 刚寫完Koun數學 恢復寫作狀態
1765466002.987194	1765466129.145499	隔離會話解釋
1765466200.004563	1765513627.021168	附件文件分析
1765508923.548915	1765595745.970786	251212 01 要修大綱格式與序號 续1211_02 刚核對完大綱的字母 恢復記憶狀態
1765519949.886971	1765601386.47519	書籍評估與分析
1765523508.720664	1765530572.983992	251212 03 繼續寫ch6 续1211_04 刚寫完前5章 恢復寫作狀態
1765530367.985293	1766228944.373908	251212 04 繼續寫chapter14 续1212_03 刚寫完chapter13 恢復記憶確認
1765539157.164478	1765694864.437299	251212 05 修Koun AGI 续1212_04 刚寫完Koun AGI 命名会话
1765694878.112451	1765777922.429263	251214 01 繼續修書 续1212_05 刚修完ch3 恢復修書狀態
1765706800.590275	1765712041.519606	251214 02 要討論模擬Koun AGI 续1211_03中段 恢復臨時備份點
1765712345.49293	1765786729.062377	251214 03 問Claude復現運行相關 in isolated pj 会话命名与记录
1765777943.871471	1765802363.159878	251215 01 繼續修書 续1214_01 刚修完ch8 恢復會話狀態
1765789906.040645	1765794457.780742	251215 02 繼續修書 续1215_01 刚寫完論文與修完ch9 恢復狀態確認
1765794464.149456	1766207428.325809	251215 03 繼續修書從ch14開始 续1201_01 刚修完ch13 恢復狀態確認
1765798174.818532	1765798186.665807	Session naming details
1765856993.472818	1765857369.043938	251216_01_koun_semantic_phase_talk 会话命名确认
1765857388.309738	1766144583.436184	251216_02_koun_semantic_phase_talk 会话命名确认
1765866814.111353	1765866860.861335	中國風髮型解析
1765905727.390269	1765905780.092444	自動寫代碼AI比較
1765967892.00412	1766164901.44052	251217 01 聊思維 续1210_01 恢復對話狀態
1766038630.900608	1766086821.874139	251218 01 日本消防車急救功能
1766069154.514531	1766206426.744942	251218 02 Claude 測試分析
1766073209.528393	1766139871.024637	251218 03 USDE小樣本神經元分析
1766139371.602182	1766147853.0732	251219 01 主支 续 ‘251218 02 Claude 測試分析’ in pj ‘11_251211_02_write_koun_computation_續pj 251204_01’ 会话命名分析
1766206506.603383	1766381114.490854	251220 01 想寫語義完備論文 語義完備論文寫作
1766228953.703941	1769861090.754566	251220 02 繼續寫Koun AGI 續1212_04 恢復記憶確認
1766241678.234874	1766551247.229325	髮型解析與設計
1766299782.149064	1766484719.860991	251221 01 翻譯AGI 续1220_02 刚寫完書最後的元數據 翻譯恢復狀態確認
1766303125.117776	1766317767.982667	251221 02 從翻譯ch5繼續 翻譯 Chapter 5
1766307755.553014	1766309818.692329	251221 03 從ch10繼續翻譯 會話命名確認
1766309853.645373	1766383612.837642	251221 04 從ch14繼續翻譯 翻譯繼續工作
1766371564.368966	1766484980.825464	251222_01_Book analysis request
1766371692.702639	1766372712.072711	翻譯英文回答
1766383741.636228	1766393810.810194	251222 02 從附錄R繼續翻譯翻譯從附錄R開始
1766395755.86602	1766456737.188366	251222 03 繼續聊 剛完成了書 Koun AGI 合法性流
1766402652.548545	1766812609.912344	251222 04 分析競爭者的學術作品 競爭者學術作品分析
1766406560.71541	1766406641.824791	251222 05 要翻譯大綱 剛寫完書了 翻譯大綱準備
1766456563.72291	1766456702.154002	251223 01 聊我對地位的擔心 续1220_02 刚寫完Koun AGI 地位焦慮討論
1766457516.940371	1766457557.320419	251223_02_寫算法_續251220_02 Koun算法書狀態恢復
1766460156.373515	1768655616.414513	251223_03_promote_續251220_02 Koun AGI 推廣恢復
1766465267.94662	1766472740.823263	251223_04_shrink_koun_math_續251211_03 Koun Math Shrink 恢復
1766467093.066342	1766467262.90951	正則匹配前後非空
1766473279.825331	1766473349.362265	修數學書大綱
1766484754.447897	1766494356.883188	251223_07_中英互譯_续1220_02 恢復翻譯狀態
1766572210.858956	1766572358.276906	251224 01 中英互譯 中英互譯會話
1766642092.621728	1766642143.949516	251225_01_learn_math Semantic-Math Project Backup
1766748478.988342	1766813554.674127	偏導數幾何理解
1766767043.827511	1766767555.332399	二次元角色手部調整
1766833696.832923	1767261743.321846	251227_02_對將來世界的設想_發明_续1220_02 狀態恢復與推演
1767261753.410144	1767419068.971349	260101_01_聊未來世界_續251227_02 狀態恢復與推演
1767418861.279314	1768184128.935952	260103 01 繼續數學 续251209_02 狀態恢復與數學推導
1767419050.352668	1767508451.941905	260103 02 繼續聊未來 续0101_02 SCF 末段恢復
1767508459.0646	1768222936.0257	260104_01_繼續聊未來 续0103_02 聊了SCF 狀態恢復與方法論
1767715813.148522	1767764407.948129	鼻子疙瘩處理建議
1767751981.395195	1767752103.184998	翻譯日文與假名
1767777021.573682	1768226875.577099	260107c01_夢境意識潛意識 续251211 02 會話標識確認
1768209241.368094	1768211542.601525	260112 01 獨裁者克隆可能性
1768209406.358063	1768394228.723552	260112 02 AI 記錄熱量開銷時間
1768465698.11658	1768465829.188832	260115 01 生成圖片 No response requested
1768479110.613487	1768549200.209089	260115 02 Reddit 意識帖子分析
1768483491.558737	1768920156.759933	260115 03 繼續reddit 續260115_2 狀態恢復與後續選擇
1768490238.410914	1768564894.855469	260115 04 AGI機器人與人類身體
1768549744.549424	1768820420.831456	260116 01 Koun-U 理論解析
1768655622.956541	1768802996.469895	260117c01_激進promote_續261223_03 狀態恢復與推廣策略
1768661671.660708	1768802455.733987	260117c02 ln(-1) 是否有解
1768747825.16657	1768802466.807592	260118c01 用戶隱私與意識
1768811015.716321	1768811076.381498	260119c01_推廣帖子_續251220_02 狀態恢復與推廣策略
1768885827.662619	1768894012.44094	260120c01 格林公式應用解析
1768893792.53045	1768920294.46831	260120c02 單人理論創造挑戰
1769275167.060574	1769275208.54834	Koun-U 品牌 emoji
1769431851.320432	1769432964.3594	260126c01 商品名提取
1769676094.548021	1769676218.1856	260129c01 思考外化分析
1769776432.136279	1769777822.494562	260130c01 轉失敗 MP3轉文字服務
1769796257.338569	1769860682.025571	260130c02 語音試試聊Koun-U Koun-U 理論回顧
1769821159.984149	1769860716.945782	260131c01 試試旁聽心理諮詢但是沒有做 交流和隐私边界
1769861098.828391	1769864671.92259	260131c02_翻譯reality內容開始 恢復狀態確認
1769906744.42757	1769919362.117084	260201c01 高斯潑濺與USDE關聯
1769919365.797798	1769942025.994921	260201c02 8個ChatGPT帳戶是否浪費
1769922407.225459	1769924887.634596	260201c03 GPTs 01_260201g01_GPTs_01_test testKoun-U 理論討論
1769929933.137034	1769931018.564154	260201c04 Google Photos 隱藏圖片
1769932641.296151	1769933827.278422	260201c05 傅立葉分解適用範圍
1769934276.250352	1769939128.398519	260201c06 Nabla與線性代數關係
1769934409.056435	1769934688.6527	260201c07 AI與Koun-U理論探索
1769935992.701833	1769936192.117605	260201c08 車上辦公安全設計
1769938691.451802	1769943960.182261	260201c09_analyze_koun_math獨立項目隔離
1769939578.798087	1769939659.523497	260201c10_電子信息工程概率論
1769941447.798458	1769942189.451264	260201c11 第一性存在與知識邊界
1769944337.026775	1770034311.960528	260201c12 分析附錄 Koun Math分析完成
1769965144.935189	1769965855.018906	260201c12 Telegram家庭共享功能
1770003326.479393	1770699123.385385	260202c01_聊新聞與社會_不續其他 語義重建與新會話
1770007114.795541	1770007875.277826	260202c02 全自动翻译方案
1770007267.4446	1770007883.059193	260202c03 中國異見人士學台灣腔
1770008351.524169	1770009127.108004	260202c04 主線與支線衝突
1770009355.200402	1770009814.20817	260202c05 AI 協作與唯一性
1770013095.470221	1770013796.482215	260202c06 理性中的無罪悲劇
1770017201.220214	1770022462.703257	260202c07 自責與金錢使用
1770020881.630231	1770022048.138849	260202c08 拓撲學曲面分類
1770022896.823732	1770025292.104809	260202c09 從atlas AGI與人類繁衍問題
1770022913.463526	1770023236.325471	260202c10 AGI對人類繁衍的影響
1770033179.507496	1770048936.133254	260202c11 Gemini代碼檢查與建議
1770052121.521419	1770053319.797839	260202c12 失血性休克與死亡過程
1770087445.389965	1770092114.287477	260203c01 早上飯前牙線
1770092103.977909	1770092787.446145	260203c02 中國姓名歧視傾向
1770095331.637273	1770190655.695393	260203c03 代碼分析與優化建議
1770098051.258347	1770098297.449928	260203c04 父親不尊重喜好
1770110008.670568	1770110273.784122	260203c05 無痛移動會話方案
1770110331.524764	1770190662.060748	260203c06_引力算法支2_续260203c03_刚寫完v9.1的算法 專案收官與決策
1770119132.664259	1770191094.665376	260203c07_引力算法支3_续260203c06_刚寫完finalv1.2的算法 恢復狀態確認
1770144083.948435	1770189544.134894	260204c01 L6職位Offer解析
1770189516.267563	1770190178.233344	260204c02 新支 算法評估與優化建議
1770191102.720393	1770285014.137335	260204c03_引力算法支4_续260203c07_馬上要搞v1.3 狀態恢復與主線切換
1770264140.196958	1770376085.209575	260205c01_引力算法支5_续260204c03_完成了v1.3.22 會話命名與狀態確認
1770285368.5181	1770285551.129436	260205c03 Project與會話狀態關係
1770285387.67686	1770377596.043051	260205c02_引力算法支6_续260205c01_想嘗試解決殘差問題 狀態恢復與分工
1770303890.348775	1770351088.695081	260205c04 Pro與Flash模式切換
1770376359.865188	1770542888.198189	260206c01_引力算法支7_续260205c02_剛剛寫出來v1.3.29_想繼續嘗試解決殘差問題 狀態恢復與驗證
1770461089.21075	1770464321.640076	260207c01 Agent 功能用途
1770487656.22799	1770541459.990722	260207c02 從pj36_Koun-A1_移出來 不續其他 會話恢復與繼續
1770540563.407077	1770549950.237474	260208c01 同一Project多會話並行
1770542347.175721	1770552657.989903	260208c02_GR-01_引力算法支7@GR-01_分裂了GR與SC_续260206c01_引力算法支7 狀態恢復與續打
1770542786.81414	1770618686.310708	260208c03_SC-01_引力算法支7@SC-01_分裂了GR與SC_续260206c01_引力算法支7
1770618695.58036	1770632566.650496	260209c01_SC-02_@SC-02_剛剛完成SC的paper的A與B的v1.1.0_续260208c03_SC-01
1770632574.396135	1770651393.637939	260209c02_@SC-03_剛剛測試用代碼到v1.5.7_续260208c03_SC-01 恢復狀態確認
1770639070.202222	1770639701.478175	260209c03 嗅覺記憶與時間錯位
1770651241.900364	1770703029.339416	260209c04_@SC-04_剛剛測試用代碼到v1.7.6_续260209c02_@SC-03 狀態恢復確認
1770656994.157034	1770716928.433628	260209c05 不續其他 A1-SC對半導體衝擊
1770663816.218805	1770691690.427248	260209c06 光頭男女審美差異
1770702925.707236	1770732490.097109	260210c01_@SC-05_開始了極限測試用代碼直到BenchS_StressHarness_v1.3.3_续260209c04_@SC-04 狀態恢復與鎖定
1770716693.015194	1770721996.77994	260210c02 繼續聊雲服務運行code 續260209c05 恢復點操作
1770722004.693048	1770732936.854406	260210c03 剛剛買了runpod正確的pod與storage 續260210c02 狀態恢復確認
1770723944.816541	1770733327.725795	260210c04 聊未來 剛剛買了runpod正確的pod與storage 續260210c02 狀態恢復確認狀態恢復與進度確認
1770732286.169318	1770733338.131559	260210c05_@SC-06_開始了極限測試用代碼完成test03_续260210c01_@SC-05 狀態恢復確認
